Cáceres,Tornavacas,1144
Cáceres,Torrecillas de la Tiesa,1134
Cáceres,Torrejoncillo,3184
Cáceres,Torreorgaz,1695
Cáceres,Trujillo,9510
Cáceres,Valdefuentes,1293
Cáceres,Valencia de Alcántara,5699
Cáceres,Valverde del Fresno,2422
Cáceres,Villanueva de la Vera,2122
Cáceres,Zarza de Granadilla,1843
Cáceres,Zarza la Mayor,1359
Cáceres,Zorita,1502
Cáceres,Rosalejo,1495
Cádiz,Alcalá de los Gazules,5326
Cádiz,Alcalá del Valle,5224
Cádiz,Algar,1448
Cádiz,Algeciras,118920
Cádiz,Algodonales,5649
Cádiz,Arcos de la Frontera,31193
Cádiz,Barbate,22808
Cádiz,Barrios (Los),23167
Cádiz,Bornos,7934
Cádiz,Bosque (El),2067
Cádiz,Cádiz,120468
Cádiz,Castellar de la Frontera,3045
Cádiz,Conil de la Frontera,22136
Cádiz,Chiclana de la Frontera,82777
Cádiz,Chipiona,19062
Cádiz,Espera,3915
Cádiz,Gastor (El),1809
Cádiz,Grazalema,2165
Cádiz,Jerez de la Frontera,212876
Cádiz,Jimena de la Frontera,9772
Cádiz,Línea de la Concepción (La),63352
Cádiz,Medina-Sidonia,11749
Cádiz,Olvera,8289
Cádiz,Paterna de Rivera,5585
Cádiz,Prado del Rey,5819
Cádiz,Puerto de Santa María (El),88335
Cádiz,Puerto Real,41509
Cádiz,Puerto Serrano,7145
Cádiz,Rota,29123
Cádiz,San Fernando,96131
Cádiz,Sanlúcar de Barrameda,67433
Cádiz,San Roque,29373
Cádiz,Setenil de las Bodegas,2845
Cádiz,Tarifa,18011
Cádiz,Trebujena,7072
Cádiz,Ubrique,16836
Cádiz,Vejer de la Frontera,12812
Cádiz,Villamartín,12271
Cádiz,Zahara,1436
Cádiz,Benalup-Casas Viejas,7000
Cádiz,San José del Valle,4427
Castellón,Atzeneta del Maestrat,1307
Castellón,Albocàsser,1334
Castellón,Alcalà de Xivert,7255
Castellón,Alcora (l'),10591
Castellón,Almazora,25488
Castellón,Almenara,6031
Castellón,Altura,3647
Castellón,Artana,1992
Castellón,Betxí,5763
Castellón,Benasal,1150
Castellón,Benicarló,26403
Castellón,Benicasim,18098
Castellón,Benlloch,1119
Castellón,Borriol,5176
Castellón,Borriana,34708
Castellón,Cabanes,2939
Castellón,Càlig,2049
Castellón,Castellnovo,1003
Castellón,Castellón de la Plana,171669
Castellón,Coves de Vinromà (les),1870
Castellón,Chilches,2752
Castellón,Jérica,1599
Castellón,Lucena del Cid,1385
Castellón,Moncofa,6256
Castellón,Morella,2575
Castellón,Nules,13442
Castellón,Onda,24963
Castellón,Oropesa del Mar,9493
Castellón,Peníscola,7444
Castellón,Pobla Tornesa (la),1191
Castellón,Ribesalbes,1233
Castellón,Rossell,1020
Castellón,Sant Jordi,1020
Castellón,Sant Mateu,1995
Castellón,Segorbe,9073
Castellón,Sierra Engarcerán,1018
Castellón,Soneja,1476
Castellón,Torreblanca,5413
Castellón,Traiguera,1534
Castellón,Useras,1014
Castellón,Vall d'Alba,2844
Castellón,Vall d'Uixó (la),31671
Castellón,Vilafamés,1867
Castellón,Villafranca del Cid,2295
Castellón,Vila-real,50580
Castellón,Vilavella (la),3253
Barcelona,Arenys de Mar,15289
Barcelona,Arenys de Munt,8736
Barcelona,Argentona,11978
Barcelona,Artés,5665
Barcelona,Avià,2225
Barcelona,Avinyó,2248
Barcelona,Avinyonet del Penedès,1652
Barcelona,Aiguafreda,2465
Barcelona,Badalona,215654
Barcelona,Bagà,2188
Barcelona,Balenyà,3711
Barcelona,Balsareny,3324
Barcelona,Barcelona,1604555
Barcelona,Begues,6670
Barcelona,Berga,16238
Barcelona,Bigues i Riells,8858
Barcelona,Bruc (El),2032
Barcelona,Cabrera d'Anoia,1348
Barcelona,Cabrera de Mar,4522
Barcelona,Cabrils,7250
Barcelona,Calaf,3426
Barcelona,Caldes d'Estrac,2717
Barcelona,Caldes de Montbui,17098
Barcelona,Calella,18226
Barcelona,Calldetenes,2427
Barcelona,Callús,2024
Barcelona,Canet de Mar,14177
Barcelona,Canovelles,15906
Barcelona,Cànoves i Samalús,2897
Barcelona,Canyelles,4375
Barcelona,Capellades,5268
Barcelona,Cardedeu,17938
Barcelona,Cardona,4898
Barcelona,Casserres,1541
Barcelona,Castellar del Vallès,23442
Barcelona,Castellbell i el Vilar,3566
Barcelona,Castellbisbal,12364
Barcelona,Castelldefels,63891
Barcelona,Castellet i la Gornal,2212
Barcelona,Castellgalí,1996
Barcelona,Castellnou de Bages,1266
Barcelona,Castellterçol,2368
Barcelona,Castellví de la Marca,1540
Barcelona,Castellví de Rosanes,1771
Barcelona,Centelles,7372
Barcelona,Cervelló,8851
Barcelona,Collbató,4389
Barcelona,Corbera de Llobregat,14240
Barcelona,Cornellà de Llobregat,86376
Barcelona,Cubelles,14420
Barcelona,Dosrius,5215
Barcelona,Esparreguera,21701
Barcelona,Esplugues de Llobregat,45626
Barcelona,Fogars de la Selva,1470
Barcelona,Folgueroles,2285
Barcelona,Fonollosa,1393
Barcelona,Font-rubí,1348
Barcelona,Franqueses del Vallès (Les),19446
Barcelona,Garriga (La),15740
Barcelona,Gavà,46405
Barcelona,Gelida,7253
Barcelona,Gironella,4925
Barcelona,Granada (La),2085
Barcelona,Granollers,60101
Barcelona,Gualba,1414
Barcelona,Sant Salvador de Guardiola,3126
Barcelona,Gurb,2545
Barcelona,Hospitalet de Llobregat (L'),252171
Barcelona,Igualada,38751
Barcelona,Llagosta (La),13252
Barcelona,Llinars del Vallès,9570
Barcelona,Lliçà d'Amunt,14742
Barcelona,Lliçà de Vall,6383
Barcelona,Malgrat de Mar,18371
Barcelona,Manlleu,20228
Barcelona,Manresa,74655
Barcelona,Martorell,27694
Barcelona,Martorelles,4756
Barcelona,Masies de Voltregà (Les),3165
Barcelona,Masnou (El),22923
Barcelona,Masquefa,8335
Barcelona,Matadepera,8900
Barcelona,Mataró,124867
Barcelona,Mediona,2273
Barcelona,Molins de Rei,25155
Barcelona,Mollet del Vallès,51650
Barcelona,Montcada i Reixac,34377
Barcelona,Montgat,11501
Barcelona,Monistrol de Montserrat,2901
Barcelona,Figaró-Montmany,1094
Barcelona,Montmeló,8835
Barcelona,Montornès del Vallès,16172
Barcelona,Moià,5865
Barcelona,Navarcles,6012
Barcelona,Navàs,6103
Barcelona,Òdena,3623
Barcelona,Olèrdola,3518
Barcelona,Olesa de Bonesvalls,1715
Barcelona,Olesa de Montserrat,23536
Barcelona,Olivella,3569
Ourense,Piñor,1232
Ourense,Pobra de Trives (A),2245
Ourense,Rairiz de Veiga,1430
Ourense,Ramirás,1607
Ourense,Ribadavia,5112
Ourense,Riós,1683
Ourense,Rúa (A),4595
Ourense,Rubiá,1473
Ourense,San Amaro,1170
Ourense,San Cibrao das Viñas,5036
Ourense,San Cristovo de Cea,2346
Ourense,Sandiás,1307
Ourense,Sarreaus,1283
Ourense,Taboadela,1514
Ourense,Toén,2426
Ourense,Trasmiras,1410
Ourense,Verea,1042
Ourense,Verín,14107
Ourense,Viana do Bolo,3037
Ourense,Vilamarín,2026
Ourense,Vilamartín de Valdeorras,1798
Ourense,Vilar de Barrio,1455
Ourense,Vilardevós,2170
Asturias,Allande,1826
Asturias,Aller,11555
Asturias,Avilés,80880
Asturias,Belmonte de Miranda,1641
Asturias,Bimenes,1768
Asturias,Boal,1669
Asturias,Cabrales,2094
Asturias,Cabranes,1056
Asturias,Candamo,2055
Asturias,Cangas del Narcea,13451
Asturias,Cangas de Onís,6498
Asturias,Carreño,10704
Asturias,Caso,1663
Asturias,Castrillón,22735
Asturias,Castropol,3638
Asturias,Coaña,3419
Asturias,Colunga,3518
Asturias,Corvera de Asturias,16088
Asturias,Cudillero,5210
Asturias,Degaña,1082
Asturias,Franco (El),3859
Asturias,Gijón,274290
Asturias,Gozón,10588
Asturias,Grado,10309
Asturias,Ibias,1473
Asturias,Illas,1030
Asturias,Langreo,41738
Asturias,Laviana,13582
Asturias,Lena,11654
Asturias,Valdés,12421
Asturias,Llanera,13904
Asturias,Llanes,13694
Asturias,Mieres,40338
Asturias,Morcín,2746
Asturias,Muros de Nalón,1883
Asturias,Nava,5411
Asturias,Navia,8644
Asturias,Noreña,5333
Asturias,Oviedo,221870
Asturias,Parres,5490
Asturias,Peñamellera Baja,1291
Asturias,Piloña,7412
Asturias,Pravia,8667
Asturias,Quirós,1250
Asturias,Regueras (Las),1934
Asturias,Ribadedeva,1836
Asturias,Ribadesella,5904
Asturias,Ribera de Arriba,1890
Asturias,Riosa,2061
Asturias,Salas,5371
Asturias,San Martín del Rey Aurelio,17182
Asturias,Sariego,1276
Asturias,Siero,52191
Asturias,Somiedo,1231
Asturias,Soto del Barco,3978
Asturias,Tapia de Casariego,3906
Asturias,Teverga,1768
Asturias,Tineo,10128
Asturias,Vegadeo,3960
Asturias,Villaviciosa,14690
Asturias,Villayón,1366
Palencia,Aguilar de Campoo,7033
Palencia,Astudillo,1002
Palencia,Baltanás,1273
Palencia,Venta de Baños,6432
Palencia,Barruelo de Santullán,1275
Palencia,Carrión de los Condes,2177
Palencia,Cervera de Pisuerga,2442
Palencia,Dueñas,2741
Palencia,Grijota,2114
Palencia,Guardo,6547
Palencia,Herrera de Pisuerga,2132
Palencia,Palencia,79595
Palencia,Paredes de Nava,1981
Palencia,Saldaña,3121
Palencia,Santibáñez de la Peña,1101
Palencia,Torquemada,1025
Córdoba,Montoro,9640
Córdoba,Monturque,2007
Córdoba,Moriles,3848
Córdoba,Nueva Carteya,5470
Córdoba,Obejo,2027
Córdoba,Palenciana,1545
Córdoba,Palma del Río,21522
Córdoba,Pedro Abad,2927
Córdoba,Pedroche,1624
Córdoba,Peñarroya-Pueblonuevo,11300
Córdoba,Posadas,7544
Córdoba,Pozoblanco,17380
Córdoba,Priego de Córdoba,22936
Córdoba,Puente Genil,30167
Córdoba,Rambla (La),7547
Córdoba,Rute,10269
Córdoba,Santaella,6062
Córdoba,Torrecampo,1177
Córdoba,Valenzuela,1241
Córdoba,Victoria (La),2375
Córdoba,Villa del Río,7403
Córdoba,Villafranca de Córdoba,4889
Córdoba,Villanueva de Córdoba,9141
Córdoba,Villanueva del Duque,1553
Córdoba,Villanueva del Rey,1096
Córdoba,Villaralto,1238
Córdoba,Villaviciosa de Córdoba,3443
Córdoba,Viso (El),2651
"Coruña, A",Abegondo,5586
"Coruña, A",Ames,30267
"Coruña, A",Aranga,1997
"Coruña, A",Ares,5743
"Coruña, A",Arteixo,30950
"Coruña, A",Arzúa,6219
"Coruña, A",Baña (A),3698
"Coruña, A",Bergondo,6700
"Coruña, A",Betanzos,13202
"Coruña, A",Boimorto,2125
"Coruña, A",Boiro,18950
"Coruña, A",Boqueixón,4321
"Coruña, A",Brión,7564
"Coruña, A",Cabana de Bergantiños,4552
"Coruña, A",Cabanas,3299
"Coruña, A",Camariñas,5577
"Coruña, A",Cambre,24076
"Coruña, A",Capela (A),1334
"Coruña, A",Carballo,31283
"Coruña, A",Carnota,4284
"Coruña, A",Carral,6180
"Coruña, A",Cedeira,7062
"Coruña, A",Cee,7723
"Coruña, A",Cerceda,5076
"Coruña, A",Cerdido,1233
"Coruña, A",Coirós,1757
"Coruña, A",Corcubión,1655
"Coruña, A",Coristanco,6551
"Coruña, A",Coruña (A),243870
"Coruña, A",Culleredo,29593
"Coruña, A",Curtis,4015
"Coruña, A",Dodro,2882
"Coruña, A",Dumbría,3077
"Coruña, A",Fene,13385
"Coruña, A",Ferrol,69452
"Coruña, A",Fisterra,4775
"Coruña, A",Frades,2460
"Coruña, A",Irixoa,1389
"Coruña, A",Laxe,3185
"Coruña, A",Laracha (A),11402
"Coruña, A",Lousame,3463
"Coruña, A",Malpica de Bergantiños,5666
"Coruña, A",Mañón,1454
"Coruña, A",Mazaricos,4173
"Coruña, A",Melide,7538
"Coruña, A",Mesía,2734
"Coruña, A",Miño,5859
"Coruña, A",Moeche,1246
"Coruña, A",Monfero,2037
"Coruña, A",Mugardos,5362
"Coruña, A",Muxía,5025
"Coruña, A",Muros,8960
"Coruña, A",Narón,39565
"Coruña, A",Neda,5261
"Coruña, A",Negreira,6936
"Coruña, A",Noia,14472
"Coruña, A",Oleiros,34693
"Coruña, A",Ordes,12776
"Coruña, A",Oroso,7413
"Coruña, A",Ortigueira,6136
"Coruña, A",Outes,6691
"Coruña, A",Paderne,2467
"Coruña, A",Padrón,8643
"Coruña, A",Pino (O),4706
"Coruña, A",Pobra do Caramiñal (A),9623
"Coruña, A",Ponteceso,5789
"Coruña, A",Pontedeume,8011
"Coruña, A",Pontes de García Rodríguez (As),10503
"Coruña, A",Porto do Son,9436
"Coruña, A",Rianxo,11386
"Coruña, A",Ribeira,27372
"Coruña, A",Rois,4710
Almería,Vélez-Rubio,6767
Almería,Vera,15108
Almería,Viator,5698
Almería,Vícar,24571
Almería,Zurgena,3030
Almería,Ejido (El),85961
Almería,Mojonera (La),8963
Ávila,Adrada (La),2640
Ávila,Arenal (El),1011
Ávila,Arenas de San Pedro,6671
Ávila,Arévalo,8172
Ávila,Ávila,58358
Ávila,Barco de Ávila (El),2576
Ávila,Barraco (El),1968
Ávila,Burgohondo,1228
Ávila,Candeleda,5104
Ávila,Casavieja,1507
Ávila,Cebreros,3232
Ávila,Hoyo de Pinares (El),2308
Ávila,Madrigal de las Altas Torres,1524
Ávila,Mombeltrán,1171
Ávila,Navaluenga,2017
Ávila,Navas del Marqués (Las),5420
Ávila,Piedrahíta,1884
Ávila,Piedralaves,2208
Ávila,Sotillo de la Adrada,4652
Ávila,Tiemblo (El),4231
Badajoz,Aceuchal,5471
Badajoz,Alange,1914
Badajoz,Albuera (La),2046
Badajoz,Alburquerque,5486
Badajoz,Alconchel,1790
Badajoz,Almendral,1296
Badajoz,Almendralejo,34265
Badajoz,Arroyo de San Serván,4175
Badajoz,Azuaga,8031
Badajoz,Badajoz,149892
Badajoz,Barcarrota,3634
Badajoz,Berlanga,2434
Badajoz,Bienvenida,2218
Badajoz,Bodonal de la Sierra,1081
Badajoz,Burguillos del Cerro,3179
Badajoz,Cabeza del Buey,5138
Badajoz,Cabeza la Vaca,1391
Badajoz,Calamonte,6330
Badajoz,Calera de León,1014
Badajoz,Campanario,5150
Badajoz,Campillo de Llerena,1414
Badajoz,Casas de Don Pedro,1560
Badajoz,Castilblanco,1085
Badajoz,Castuera,6163
Badajoz,Codosera (La),2197
Badajoz,Coronada (La),2195
Badajoz,Corte de Peleas,1312
Badajoz,Cheles,1221
Badajoz,Don Benito,36971
Badajoz,Esparragalejo,1489
Badajoz,Esparragosa de la Serena,1060
Badajoz,Feria,1209
Badajoz,Fregenal de la Sierra,4968
Badajoz,Fuenlabrada de los Montes,1921
Badajoz,Fuente de Cantos,4941
Badajoz,Fuente del Maestre,6856
Badajoz,Fuentes de León,2415
Badajoz,Garrovilla (La),2453
Badajoz,Granja de Torrehermosa,2160
Badajoz,Guareña,7151
Badajoz,Haba (La),1286
Badajoz,Herrera del Duque,3686
Badajoz,Higuera de Vargas,2020
Badajoz,Higuera la Real,2359
Badajoz,Hornachos,3749
Badajoz,Jerez de los Caballeros,9615
Badajoz,Lobón,2837
Badajoz,Llerena,5929
Badajoz,Maguilla,1007
Badajoz,Medellín,2306
Badajoz,Medina de las Torres,1280
Badajoz,Mérida,58971
Badajoz,Mirandilla,1349
Badajoz,Monesterio,4306
Badajoz,Montemolín,1455
Badajoz,Monterrubio de la Serena,2490
Badajoz,Montijo,15789
Badajoz,Nava de Santiago (La),1005
Badajoz,Navalvillar de Pela,4671
Badajoz,Oliva de la Frontera,5403
Badajoz,Oliva de Mérida,1798
Badajoz,Olivenza,12090
Badajoz,Orellana la Vieja,2836
Badajoz,Parra (La),1383
Badajoz,Peñalsordo,1042
Badajoz,Puebla de Alcocer,1240
Badajoz,Puebla de la Calzada,5970
Badajoz,Puebla de Obando,1894
Badajoz,Puebla de Sancho Pérez,2793
Badajoz,Quintana de la Serena,4818
Badajoz,Ribera del Fresno,3440
Badajoz,Roca de la Sierra (La),1515
Badajoz,Salvaleón,1893
Valencia,Gilet,3314
Valencia,Godella,13071
Valencia,Godelleta,3380
Valencia,Guadassuar,5927
Valencia,Xeraco,5881
Valencia,Xàtiva,29095
Valencia,Xeresa,2239
Valencia,Llíria,22745
Valencia,Loriguilla,1953
Valencia,Llutxent,2422
Valencia,Llanera de Ranes,1058
Valencia,Llaurí,1233
Valencia,Llombai,2765
Valencia,Llosa de Ranes (la),3575
Valencia,Macastre,1249
Valencia,Manises,30807
Valencia,Manuel,2507
Valencia,Marines,1859
Valencia,Massalavés,1597
Valencia,Massalfassar,2473
Valencia,Massamagrell,15523
Valencia,Massanassa,9264
Valencia,Meliana,10588
Valencia,Miramar,2620
Valencia,Mislata,43320
Valencia,Mogente,4527
Valencia,Moncada,21842
Valencia,Montserrat,7231
Valencia,Montaverner,1691
Valencia,Montesa,1257
Valencia,Montroi,2891
Valencia,Museros,6189
Valencia,Náquera,6204
Valencia,Navarrés,3104
Valencia,Oliva,26190
Valencia,Olocau,1670
Valencia,Olleria (l'),8369
Valencia,Ontinyent,35621
Valencia,Paiporta,24810
Valencia,Palma de Gandía,1652
Valencia,Paterna,67340
Valencia,Pedralba,2859
Valencia,Picanya,11270
Valencia,Picassent,20427
Valencia,Piles,2740
Valencia,Polinyà de Xúquer,2526
Valencia,Potries,1020
Valencia,Pobla de Farnals (la),7776
Valencia,Pobla del Duc (la),2556
Valencia,Pobla de Vallbona (la),22994
Valencia,Pobla Llarga (la),4536
Valencia,"Puig de Santa Maria, el",8844
Valencia,Puçol,19357
Valencia,Rafelbunyol,8883
Valencia,Rafelcofer,1410
Valencia,Rafelguaraf,2422
Valencia,Real de Gandía,2286
Valencia,Real,2291
Valencia,Requena,20621
Valencia,Riba-roja de Túria,21391
Valencia,Riola,1838
Valencia,Rocafort,6829
Valencia,Rotglà i Corberà,1144
Valencia,Rótova,1285
Valencia,Sagunto,64944
Valencia,Sedaví,10180
Valencia,Senyera,1175
Valencia,Serra,3142
Valencia,Siete Aguas,1282
Valencia,Silla,18570
Valencia,Simat de la Valldigna,3362
Valencia,Sinarcas,1168
Valencia,Sollana,4941
Valencia,Sueca,28252
Valencia,Sumacàrcer,1168
Valencia,Tavernes Blanques,9244
Valencia,Tavernes de la Valldigna,17734
Valencia,Torrent,80107
Valencia,Tous,1265
Valencia,Tuéjar,1158
Valencia,Turís,6528
Valencia,Utiel,11915
Valencia,Valencia,786189
Valencia,Vallada,3121
Valencia,Venta del Moro,1376
Valencia,Vilallonga,4352
Valencia,Vilamarxant,9208
Valencia,Villanueva de Castellón,7270
Valencia,Villar del Arzobispo,3597
Valencia,Vinalesa,3284
Valencia,Yátova,2117
Valencia,San Antonio de Benagéber,7981
Valladolid,Alaejos,1418
Valladolid,Aldeamayor de San Martín,4968
Valladolid,Arroyo de la Encomienda,18491
Valladolid,Boecillo,4016
Valladolid,Cabezón de Pisuerga,3605
Valladolid,Campaspero,1141
Valladolid,Carpio,1057
Valladolid,Cigales,5071
Tarragona,Bellvei,2185
Tarragona,Benissanet,1251
Tarragona,Bisbal del Penedès (La),3474
Tarragona,Borges del Camp (Les),2087
Tarragona,Botarell,1101
Tarragona,Cabra del Camp,1109
Tarragona,Calafell,24256
Tarragona,Cambrils,32915
Tarragona,Castellvell del Camp,2897
Tarragona,Catllar (El),4215
Tarragona,Sénia (La),5799
Tarragona,Constantí,6416
Tarragona,Corbera d'Ebre,1095
Tarragona,Creixell,3492
Tarragona,Cunit,11883
Tarragona,Xerta,1209
Tarragona,Espluga de Francolí (L'),3818
Tarragona,Falset,2867
Tarragona,Fatarella (La),1028
Tarragona,Flix,3754
Tarragona,Gandesa,3009
Tarragona,Horta de Sant Joan,1217
Tarragona,Llorenç del Penedès,2323
Tarragona,Masdenverge,1096
Tarragona,Montblanc,7283
Tarragona,Montbrió del Camp,2693
Tarragona,Montmell (El),1373
Tarragona,Mont-roig del Camp,11877
Tarragona,Móra d'Ebre,5477
Tarragona,Móra la Nova,3185
Tarragona,Morell (El),3524
Tarragona,Pallaresos (Els),4547
Tarragona,Perafort,1320
Tarragona,Perelló (El),2925
Tarragona,Pinell de Brai (El),1053
Tarragona,Pla de Santa Maria (El),2333
Tarragona,Pobla de Mafumet (La),3675
Tarragona,Pobla de Montornès (La),2861
Tarragona,Puigpelat,1119
Tarragona,Reus,103194
Tarragona,Riba-roja d'Ebre,1172
Tarragona,Riera de Gaià (La),1679
Tarragona,Riudecanyes,1151
Tarragona,Riudecols,1216
Tarragona,Riudoms,6633
Tarragona,Roda de Berà,6352
Tarragona,Roquetes,8234
Tarragona,Sant Carles de la Ràpita,14760
Tarragona,Sant Jaume dels Domenys,2521
Tarragona,Santa Bàrbara,3734
Tarragona,Santa Coloma de Queralt,2850
Tarragona,Santa Oliva,3283
Tarragona,Sarral,1585
Tarragona,Secuita (La),1670
Tarragona,Selva del Camp (La),5559
Tarragona,Tarragona,131255
Tarragona,Tivissa,1751
Tarragona,Torredembarra,15371
Tarragona,Tortosa,33864
Tarragona,Ulldecona,6637
Tarragona,Vallmoll,1651
Tarragona,Valls,24321
Tarragona,Vandellòs i l'Hospitalet de l'Infant,6050
Tarragona,Vendrell (El),36558
Tarragona,Vilallonga del Camp,2228
Tarragona,Vila-rodona,1276
Tarragona,Vila-seca,22332
Tarragona,Vinyols i els Arcs,1931
Tarragona,Deltebre,11676
Tarragona,Sant Jaume d'Enveja,3538
Tarragona,Camarles,3476
Tarragona,Aldea (L'),4245
Tarragona,Salou,26459
Tarragona,Ampolla (L'),3473
Tarragona,"Canonja, La",5839
Teruel,Albalate del Arzobispo,2001
Teruel,Albarracín,1049
Teruel,Alcañiz,16230
Teruel,Alcorisa,3374
Teruel,Andorra,8065
Teruel,Calaceite,1052
Teruel,Calamocha,4417
Teruel,Calanda,3893
Teruel,Cella,2776
Teruel,Híjar,1761
Teruel,Mas de las Matas,1318
Teruel,Monreal del Campo,2611
Teruel,Montalbán,1327
Teruel,Mora de Rubielos,1585
Teruel,Santa Eulalia,1081
Teruel,Sarrión,1167
Teruel,Teruel,35590
Teruel,Utrillas,3110
Teruel,Valderrobres,2342
Toledo,Ajofrín,2314
Toledo,Alameda de la Sagra,3478
Toledo,Alcaudete de la Jara,1897
Toledo,Almorox,2248
Toledo,Añover de Tajo,5191
Toledo,Argés,6000
Girona,Porqueres,4521
Girona,Portbou,1167
Girona,Preses (Les),1764
Girona,Port de la Selva (El),1002
Girona,Puigcerdà,8825
Girona,Quart,3448
Girona,Ribes de Freser,1818
Girona,Riells i Viabrea,3945
Girona,Ripoll,10632
Girona,Riudarenes,2120
Girona,Riudellots de la Selva,2022
Girona,Roses,19575
Girona,Salt,29342
Girona,Sant Feliu de Guíxols,21586
Girona,Sant Feliu de Pallerols,1332
Girona,Sant Gregori,3498
Girona,Sant Hilari Sacalm,5608
Girona,Sant Joan de les Abadesses,3383
Girona,Sant Julià de Ramis,3415
Girona,Sant Pere Pescador,2143
Girona,Santa Coloma de Farners,12681
Girona,Santa Cristina d'Aro,5089
Girona,Santa Pau,1562
Girona,Sant Joan les Fonts,2937
Girona,Sarrià de Ter,4973
Girona,Cellera de Ter (La),2071
Girona,Serinyà,1130
Girona,Sils,5797
Girona,Torroella de Montgrí,11388
Girona,Tossa de Mar,5623
Girona,Ullà,1068
Girona,Vall d'en Bas (La),2966
Girona,Vall de Bianya (La),1297
Girona,Verges,1197
Girona,Vidreres,7741
Girona,Vilablareix,2559
Girona,Viladrau,1035
Girona,Vilafant,5543
Girona,Vilajuïga,1169
Girona,Vilamalla,1133
Girona,Vilobí d'Onyar,3166
Girona,"Cruïlles, Monells i Sant Sadurní de l'Heura",1304
Girona,Forallac,1705
Girona,Sant Julià del Llor i Bonmatí,1272
Granada,Albolote,18464
Granada,Albuñol,6948
Granada,Alfacar,5445
Granada,Algarinejo,2813
Granada,Alhama de Granada,6126
Granada,Alhendín,8503
Granada,Almuñécar,27391
Granada,Arenas del Rey,1865
Granada,Armilla,23623
Granada,Atarfe,17792
Granada,Baza,20668
Granada,Beas de Granada,1012
Granada,Benalúa,3298
Granada,Benalúa de las Villas,1148
Granada,Benamaurel,2378
Granada,Cádiar,1554
Granada,Cájar,4909
Granada,Campotéjar,1301
Granada,Caniles,4351
Granada,Castilléjar,1400
Granada,Castril,2276
Granada,Cenes de la Vega,7942
Granada,Cijuela,3221
Granada,Cogollos de la Vega,2099
Granada,Colomera,1416
Granada,Cortes de Baza,2058
Granada,Cortes y Graena,1043
Granada,Cúllar,4351
Granada,Cúllar Vega,7128
Granada,Chauchina,5428
Granada,Chimeneas,1360
Granada,Churriana de la Vega,13907
Granada,Darro,1545
Granada,Deifontes,2624
Granada,Dílar,1838
Granada,Dúrcal,7123
Granada,Fonelas,1054
Granada,Fuente Vaqueros,4457
Granada,Galera,1150
Granada,Gójar,5410
Granada,Granada,235800
Granada,Guadahortuna,1989
Granada,Guadix,18928
Granada,Gualchos,4849
Granada,Güejar Sierra,2953
Granada,Güevéjar,2540
Granada,Huéneja,1168
Granada,Huéscar,7677
Granada,Huétor de Santillán,1872
Granada,Huétor Tájar,10147
Granada,Huétor Vega,11849
Granada,Illora,10423
Granada,Itrabo,1018
Granada,Iznalloz,6016
Granada,Jayena,1178
Granada,Jerez del Marquesado,1021
"Coruña, A",Sada,15080
"Coruña, A",San Sadurniño,3009
"Coruña, A",Santa Comba,9635
"Coruña, A",Santiago de Compostela,95612
"Coruña, A",Santiso,1709
"Coruña, A",Sobrado,1911
"Coruña, A",Somozas (As),1191
"Coruña, A",Teo,18505
"Coruña, A",Toques,1213
"Coruña, A",Tordoia,3591
"Coruña, A",Touro,3778
"Coruña, A",Trazo,3263
"Coruña, A",Valdoviño,6753
"Coruña, A",Val do Dubra,4033
"Coruña, A",Vedra,5059
"Coruña, A",Vilasantar,1280
"Coruña, A",Vilarmaior,1233
"Coruña, A",Vimianzo,7520
"Coruña, A",Zas,4846
"Coruña, A",Cariño,4167
"Coruña, A",Oza-Cesuras,5253
Cuenca,Alberca de Záncara (La),1723
Cuenca,Belmonte,2019
Cuenca,Campillo de Altobuey,1481
Cuenca,Casas de Fernando Alonso,1311
Cuenca,Casasimarro,3144
Cuenca,Cuenca,55428
Cuenca,Fuente de Pedro Naharro,1248
Cuenca,Honrubia,1650
Cuenca,Horcajo de Santiago,3689
Cuenca,Huete,1862
Cuenca,Iniesta,4382
Cuenca,Landete,1310
Cuenca,Ledaña,1662
Cuenca,Mesas (Las),2388
Cuenca,Minglanilla,2367
Cuenca,Mota del Cuervo,6172
Cuenca,Motilla del Palancar,5896
Cuenca,Pedernoso (El),1189
Cuenca,Pedroñeras (Las),6816
Cuenca,Priego,1014
Cuenca,Provencio (El),2526
Cuenca,Quintanar del Rey,7576
Cuenca,San Clemente,6754
Cuenca,San Lorenzo de la Parrilla,1153
Cuenca,Sisante,1758
Cuenca,Tarancón,14922
Cuenca,Valverde de Júcar,1172
Cuenca,Villamayor de Santiago,2617
Cuenca,Villanueva de la Jara,2304
Cuenca,Villar de Olalla,1236
Cuenca,Valeras (Las),1632
Cuenca,Arcas,1605
Girona,Alp,1595
Girona,Amer,2250
Girona,Anglès,5540
Girona,Arbúcies,6297
Girona,Avinyonet de Puigventós,1565
Girona,Begur,3985
Girona,Banyoles,19299
Girona,Besalú,2437
Girona,Bescanó,4807
Girona,Bisbal d'Empordà (La),10759
Girona,Blanes,39132
Girona,Bordils,1710
Girona,Breda,3728
Girona,Cadaqués,2840
Girona,Caldes de Malavella,7166
Girona,Calonge,10520
Girona,Campdevànol,3352
Girona,Camprodon,2299
Girona,Cassà de la Selva,10030
Girona,Castelló d'Empúries,10870
Girona,Castell-Platja d'Aro,10589
Girona,Celrà,5155
Girona,Cornellà del Terri,2236
Girona,Corçà,1244
Girona,Escala (L'),10276
Girona,Figueres,45346
Girona,Flaçà,1060
Girona,Fontcoberta,1448
Girona,Fornells de la Selva,2528
Girona,Girona,97586
Girona,Hostalric,4005
Girona,Jonquera (La),3220
Girona,Llagostera,8224
Girona,Llançà,4985
Girona,Llers,1209
Girona,Llívia,1456
Girona,Lloret de Mar,37618
Girona,Maçanet de la Selva,6887
Girona,Mont-ras,1710
Girona,Navata,1323
Girona,Olot,33944
Girona,Palafrugell,22733
Girona,Palamós,17911
Girona,Palau-saverdera,1485
Girona,Pals,2501
Girona,Peralada,1841
Girona,Planes d'Hostoles (Les),1674
Castellón,Vinaròs,28190
Castellón,Viver,1558
Castellón,Alquerías del Niño Perdido,4503
Castellón,Sant Joan de Moró,3051
Ciudad Real,Abenójar,1471
Ciudad Real,Agudo,1750
Ciudad Real,Albaladejo,1323
Ciudad Real,Alcázar de San Juan,31269
Ciudad Real,Alcolea de Calatrava,1475
Ciudad Real,Aldea del Rey,1823
Ciudad Real,Alhambra,1042
Ciudad Real,Almadén,5794
Ciudad Real,Almagro,9074
Ciudad Real,Almodóvar del Campo,6477
Ciudad Real,Arenas de San Juan,1067
Ciudad Real,Argamasilla de Alba,7110
Ciudad Real,Argamasilla de Calatrava,5992
Ciudad Real,Bolaños de Calatrava,12001
Ciudad Real,Brazatortas,1038
Ciudad Real,Calzada de Calatrava,4122
Ciudad Real,Campo de Criptana,14126
Ciudad Real,Carrión de Calatrava,3090
Ciudad Real,Carrizosa,1331
Ciudad Real,Castellar de Santiago,2055
Ciudad Real,Ciudad Real,74427
Ciudad Real,Corral de Calatrava,1135
Ciudad Real,Cózar,1092
Ciudad Real,Chillón,1937
Ciudad Real,Daimiel,18577
Ciudad Real,Fernán Caballero,1069
Ciudad Real,Fuencaliente,1082
Ciudad Real,Fuente el Fresno,3365
Ciudad Real,Herencia,8758
Ciudad Real,Malagón,8280
Ciudad Real,Manzanares,18642
Ciudad Real,Membrilla,6168
Ciudad Real,Miguelturra,15032
Ciudad Real,Montiel,1450
Ciudad Real,Moral de Calatrava,5429
Ciudad Real,Pedro Muñoz,7714
Ciudad Real,Piedrabuena,4624
Ciudad Real,Poblete,2334
Ciudad Real,Porzuna,3742
Ciudad Real,Pozuelo de Calatrava,3371
Ciudad Real,Puebla de Don Rodrigo,1220
Ciudad Real,Puertollano,50035
Ciudad Real,Retuerta del Bullaque,1019
Ciudad Real,San Carlos del Valle,1184
Ciudad Real,Santa Cruz de Mudela,4330
Ciudad Real,Socuéllamos,12721
Ciudad Real,Solana (La),15979
Ciudad Real,Tomelloso,37645
Ciudad Real,Torralba de Calatrava,3107
Ciudad Real,Torre de Juan Abad,1108
Ciudad Real,Torrenueva,2911
Ciudad Real,Valdepeñas,30514
Ciudad Real,Villahermosa,2014
Ciudad Real,Villamanrique,1286
Ciudad Real,Villanueva de la Fuente,2288
Ciudad Real,Villanueva de los Infantes,5373
Ciudad Real,Villarrubia de los Ojos,10494
Ciudad Real,Villarta de San Juan,2953
Ciudad Real,Viso del Marqués,2524
Ciudad Real,Robledo (El),1228
Córdoba,Adamuz,4317
Córdoba,Aguilar de la Frontera,13551
Córdoba,Alcaracejos,1523
Córdoba,Almedinilla,2455
Córdoba,Almodóvar del Río,7961
Córdoba,Añora,1563
Córdoba,Baena,19802
Córdoba,Belalcázar,3437
Córdoba,Belmez,3119
Córdoba,Benamejí,5060
Córdoba,Bujalance,7693
Córdoba,Cabra,20837
Córdoba,Cañete de las Torres,3010
Córdoba,Carcabuey,2595
Córdoba,Cardeña,1604
Córdoba,Carlota (La),13929
Córdoba,Carpio (El),4496
Córdoba,Castro del Río,7972
Córdoba,Córdoba,327362
Córdoba,Doña Mencía,4882
Córdoba,Dos Torres,2457
Córdoba,Encinas Reales,2343
Córdoba,Espejo,3443
Córdoba,Espiel,2508
Córdoba,Fernán-Núñez,9713
Córdoba,Fuente Obejuna,4894
Córdoba,Fuente Palmera,10895
Córdoba,Guadalcázar,1566
Córdoba,Hinojosa del Duque,7054
Córdoba,Hornachuelos,4642
Córdoba,Iznájar,4556
Córdoba,Lucena,42697
Córdoba,Luque,3127
Córdoba,Montalbán de Córdoba,4519
Córdoba,Montemayor,3950
Córdoba,Montilla,23519
Lleida,Linyola,2652
Lleida,Miralcamp,1390
Lleida,Mollerussa,14900
Lleida,Montferrer i Castellbò,1010
Lleida,Oliana,1842
Lleida,Palau d'Anglesola (El),2136
Lleida,Pobla de Segur (La),3016
Lleida,Ponts,2632
Lleida,Pont de Suert (El),2314
Lleida,Puigverd de Lleida,1405
Lleida,Rosselló,3043
Lleida,Sant Guim de Freixenet,1078
Lleida,Seu d'Urgell (La),12249
Lleida,Seròs,1886
Lleida,Solsona,9004
Lleida,Sort,2199
Lleida,Soses,1728
Lleida,Tàrrega,16444
Lleida,Térmens,1531
Lleida,Torà,1232
Lleida,Torrefarrera,4611
Lleida,Torregrossa,2255
Lleida,Torres de Segre,2271
Lleida,Tremp,6175
Lleida,Vallfogona de Balaguer,1880
Lleida,Vielha e Mijaran,5450
Lleida,Vilanova de Bellpuig,1175
Lleida,Vilanova de la Barca,1099
Lleida,Gimenells i el Pla de la Font,1151
"Rioja, La",Agoncillo,1123
"Rioja, La",Albelda de Iregua,3284
"Rioja, La",Alberite,2456
"Rioja, La",Aldeanueva de Ebro,2779
"Rioja, La",Alfaro,9568
"Rioja, La",Arnedo,14597
"Rioja, La",Autol,4427
"Rioja, La",Baños de Río Tobía,1621
"Rioja, La",Calahorra,23955
"Rioja, La",Casalarreina,1190
"Rioja, La",Cenicero,2028
"Rioja, La",Cervera del Río Alhama,2427
"Rioja, La",Entrena,1489
"Rioja, La",Ezcaray,2050
"Rioja, La",Fuenmayor,3146
"Rioja, La",Haro,11414
"Rioja, La",Lardero,9448
"Rioja, La",Logroño,151344
"Rioja, La",Murillo de Río Leza,1708
"Rioja, La",Nájera,8185
"Rioja, La",Navarrete,2928
"Rioja, La",Pradejón,3976
"Rioja, La",Quel,1996
"Rioja, La",Ribafrecha,1021
"Rioja, La",Rincón de Soto,3729
"Rioja, La",San Asensio,1183
"Rioja, La",Santo Domingo de la Calzada,6401
"Rioja, La",San Vicente de la Sonsierra,1007
"Rioja, La",Villamediana de Iregua,7643
Lugo,Abadín,2612
Lugo,Alfoz,1846
Lugo,Antas de Ulla,2109
Lugo,Baleira,1380
Lugo,Barreiros,3021
Lugo,Becerreá,2987
Lugo,Begonte,3160
Lugo,Bóveda,1545
Lugo,Carballedo,2351
Lugo,Castro de Rei,5153
Lugo,Castroverde,2802
Lugo,Cervantes,1487
Lugo,Cervo,4336
Lugo,Corgo (O),3646
Lugo,Cospeito,4827
Lugo,Chantada,8493
Lugo,Folgoso do Courel,1089
Lugo,Fonsagrada (A),3838
Lugo,Foz,9891
Lugo,Friol,3942
Lugo,Xermade,1985
Lugo,Guitiriz,5520
Lugo,Guntín,2881
Lugo,Incio (O),1777
Lugo,Xove,3424
Lugo,Láncara,2764
Lugo,Lourenzá,2301
Lugo,Lugo,98134
Lugo,Meira,1749
Lugo,Mondoñedo,3876
Lugo,Monforte de Lemos,19061
Lugo,Monterroso,3778
Lugo,Navia de Suarna,1211
Lugo,Nogais (As),1191
Lugo,Ourol,1055
Lugo,Outeiro de Rei,5068
Lugo,Palas de Rei,3588
Lugo,Pantón,2674
Lugo,Paradela,1934
Lugo,Páramo (O),1474
Lugo,Pastoriza (A),3274
Lugo,Pedrafita do Cebreiro,1119
León,Astorga,11387
León,Bañeza (La),10443
León,Bembibre,9568
León,Benavides,2616
León,Boñar,1947
León,Bustillo del Páramo,1311
León,Cabañas Raras,1337
León,Cacabelos,5318
León,Camponaraya,4086
León,Carracedelo,3575
León,Carrizo,2357
León,Castrocalbón,1051
León,Castropodame,1728
León,Cistierna,3351
León,Congosto,1591
León,Cuadros,1999
León,Cubillos del Sil,1821
León,Chozas de Abajo,2496
León,Fabero,4818
León,Folgoso de la Ribera,1153
León,Garrafe de Torío,1457
León,Igüeña,1262
León,Laguna de Negrillos,1098
León,León,127817
León,Mansilla de las Mulas,1805
León,Matallana de Torío,1345
León,Onzonilla,1758
León,Palacios del Sil,1090
León,Páramo del Sil,1403
León,Pola de Gordón (La),3522
León,Ponferrada,66884
León,Puente de Domingo Flórez,1574
León,Robla (La),4302
León,Sabero,1246
León,Sahagún,2709
León,San Andrés del Rabanedo,31745
León,San Justo de la Vega,1949
León,Santa Elena de Jamuz,1135
León,Santa María del Páramo,3128
León,Santa Marina del Rey,2029
León,Santovenia de la Valdoncina,2006
León,Sariegos,4826
León,Soto de la Vega,1641
León,Toreno,3380
León,Torre del Bierzo,2265
León,Turcia,1057
León,Valdefresno,2149
León,Valdepolo,1274
León,Valderas,1819
León,Valencia de Don Juan,5181
León,Valverde de la Virgen,7435
León,Vega de Espinareda,2281
León,Vegas del Condado,1163
León,Villablino,9509
León,Villadangos del Páramo,1103
León,Toral de los Vados,2024
León,Villafranca del Bierzo,3160
León,Villamañán,1194
León,Villaquilambre,18615
León,Villarejo de Órbigo,3112
León,Villasabariego,1175
León,Villaturiel,1947
León,Villamanín,1029
Lleida,Agramunt,5491
Lleida,Albatàrrec,2214
Lleida,Albesa,1624
Lleida,Alcarràs,9372
Lleida,Alcoletge,3285
Lleida,Alfarràs,2976
Lleida,Alguaire,3002
Lleida,Almacelles,6766
Lleida,Almenar,3525
Lleida,Alpicat,6275
Lleida,Naut Aran,1760
Lleida,Anglesola,1378
Lleida,Arbeca,2278
Lleida,Artesa de Lleida,1517
Lleida,Artesa de Segre,3614
Lleida,Aitona,2456
Lleida,Balaguer,16479
Lleida,Vall de Boí (La),1004
Lleida,Bellcaire d'Urgell,1296
Lleida,Bell-lloc d'Urgell,2329
Lleida,Bellpuig,4989
Lleida,Bellver de Cerdanya,2028
Lleida,Bellvís,2270
Lleida,Benavent de Segrià,1506
Lleida,Borges Blanques (Les),6019
Lleida,Bossòst,1137
Lleida,Castellserà,1044
Lleida,Cervera,8956
Lleida,Corbins,1394
Lleida,Fuliola (La),1291
Lleida,Golmés,1770
Lleida,Granja d'Escarp (La),1001
Lleida,Guissona,6862
Lleida,Ivars d'Urgell,1591
Lleida,Isona i Conca Dellà,1064
Lleida,Juneda,3384
Lleida,Lleida,138542
Bizkaia,Loiu,2392
Bizkaia,Sondika,4535
Bizkaia,Zamudio,3244
Bizkaia,Iurreta,3753
Bizkaia,Alonsotegi,2856
Bizkaia,Zierbena,1493
Zamora,Alcañices,1108
Zamora,Benavente,18550
Zamora,Bermillo de Sayago,1104
Zamora,Coreses,1080
Zamora,Corrales del Vino,1052
Zamora,Fermoselle,1335
Zamora,Fuentesaúco,1644
Zamora,Galende,1190
Zamora,Moraleja del Vino,1660
Zamora,Morales del Vino,2955
Zamora,Puebla de Sanabria,1484
Zamora,San Cristóbal de Entreviñas,1481
Zamora,Santa Cristina de la Polvorosa,1105
Zamora,Santibáñez de Vidriales,1044
Zamora,Toro,9214
Zamora,Trabazos,1002
Zamora,Villalpando,1523
Zamora,Villaralbo,1893
Zamora,Zamora,63831
Zaragoza,Ainzón,1143
Zaragoza,Alagón,7014
Zaragoza,Alfajarín,2266
Zaragoza,Alfamén,1466
Zaragoza,Alhama de Aragón,1077
Zaragoza,Almunia de Doña Godina (La),7680
Zaragoza,Ariza,1196
Zaragoza,Ateca,1968
Zaragoza,Belchite,1562
Zaragoza,Biota,1002
Zaragoza,Borja,4930
Zaragoza,Brea de Aragón,1719
Zaragoza,Bujaraloz,1008
Zaragoza,Burgo de Ebro (El),2348
Zaragoza,Cadrete,3602
Zaragoza,Calatayud,19724
Zaragoza,Calatorao,2864
Zaragoza,Cariñena,3389
Zaragoza,Caspe,9867
Zaragoza,Cuarte de Huerva,12141
Zaragoza,Daroca,2113
Zaragoza,Ejea de los Caballeros,16754
Zaragoza,Épila,4545
Zaragoza,Escatrón,1084
Zaragoza,Fabara,1227
Zaragoza,Figueruelas,1229
Zaragoza,Fuentes de Ebro,4594
Zaragoza,Gallur,2695
Zaragoza,Gelsa,1087
Zaragoza,Illueca,3139
Zaragoza,Joyosa (La),1042
Zaragoza,Leciñena,1220
Zaragoza,Luceni,1006
Zaragoza,Maella,1953
Zaragoza,Magallón,1174
Zaragoza,Maluenda,1034
Zaragoza,Mallén,3292
Zaragoza,María de Huerva,5425
Zaragoza,Mequinenza,2311
Zaragoza,Morata de Jalón,1204
Zaragoza,Muel,1335
Zaragoza,Muela (La),4980
Zaragoza,Nonaspe,1008
Zaragoza,Pastriz,1280
Zaragoza,Pedrola,3560
Zaragoza,Pina de Ebro,2535
Zaragoza,Pinseque,3606
Zaragoza,Puebla de Alfindén (La),5948
Zaragoza,Quinto,2020
Zaragoza,Remolinos,1143
Zaragoza,Ricla,3122
Zaragoza,Sádaba,1404
Zaragoza,San Mateo de Gállego,3051
Zaragoza,Sástago,1217
Zaragoza,Sobradiel,1077
Zaragoza,Tarazona,10759
Zaragoza,Tauste,6941
Zaragoza,Torres de Berrellén,1491
Zaragoza,Utebo,18430
Zaragoza,Villanueva de Gállego,4614
Zaragoza,Zaragoza,664953
Zaragoza,Zuera,7820
Zaragoza,Villamayor de Gállego,2793
Ceuta,Ceuta,84263
Melilla,Melilla,85584
Badajoz,Salvatierra de los Barros,1712
Badajoz,Santa Amalia,4149
Badajoz,Santa Marta,4301
Badajoz,Santos de Maimona (Los),8254
Badajoz,San Vicente de Alcántara,5689
Badajoz,Segura de León,2012
Badajoz,Siruela,2017
Badajoz,Solana de los Barros,2692
Badajoz,Talarrubias,3576
Badajoz,Talavera la Real,5484
Badajoz,Torre de Miguel Sesmero,1261
Badajoz,Torremayor,1049
Badajoz,Torremejía,2259
Badajoz,Trujillanos,1442
Badajoz,Usagre,1851
Badajoz,Valdecaballeros,1135
Badajoz,Valdetorres,1246
Badajoz,Valencia del Ventoso,2084
Badajoz,Valverde de Leganés,4184
Badajoz,Valverde de Mérida,1086
Badajoz,Valle de la Serena,1302
Badajoz,Valle de Santa Ana,1175
Badajoz,Villafranca de los Barros,13289
Badajoz,Villagonzalo,1295
Badajoz,Villalba de los Barros,1574
Badajoz,Villanueva de la Serena,26021
Badajoz,Villanueva del Fresno,3489
Badajoz,Villar del Rey,2273
Badajoz,Villar de Rena,1413
Badajoz,Zafra,16857
Badajoz,Zahínos,2844
Badajoz,Zalamea de la Serena,3786
Badajoz,Zarza (La),3586
Badajoz,Valdelacalzada,2784
Badajoz,Pueblonuevo del Guadiana,2046
Badajoz,Guadiana del Caudillo,2527
"Balears, Illes",Alaró,5275
"Balears, Illes",Alaior,8997
"Balears, Illes",Alcúdia,19763
"Balears, Illes",Algaida,5410
"Balears, Illes",Andratx,11093
"Balears, Illes",Artà,7381
"Balears, Illes",Binissalem,7850
"Balears, Illes",Búger,1022
"Balears, Illes",Bunyola,6706
"Balears, Illes",Calvià,50328
"Balears, Illes",Campanet,2524
"Balears, Illes",Campos,9892
"Balears, Illes",Capdepera,11420
"Balears, Illes",Ciutadella de Menorca,29098
"Balears, Illes",Consell,3862
"Balears, Illes",Costitx,1205
"Balears, Illes",Esporles,4922
"Balears, Illes",Felanitx,17412
"Balears, Illes",Ferreries,4571
"Balears, Illes",Formentera,11878
"Balears, Illes",Eivissa,49975
"Balears, Illes",Inca,30651
"Balears, Illes",Lloret de Vistalegre,1233
"Balears, Illes",Lloseta,5639
"Balears, Illes",Llubí,2176
"Balears, Illes",Llucmajor,34618
"Balears, Illes",Maó-Mahón,28006
"Balears, Illes",Manacor,40170
"Balears, Illes",Mancor de la Vall,1321
"Balears, Illes",Maria de la Salut,2113
"Balears, Illes",Marratxí,35726
"Balears, Illes",Mercadal (Es),5091
"Balears, Illes",Montuïri,2850
"Balears, Illes",Muro,6723
"Balears, Illes",Palma de Mallorca,400578
"Balears, Illes",Petra,2816
"Balears, Illes",Pollença,16115
"Balears, Illes",Porreres,5267
"Balears, Illes",Pobla (Sa),12694
"Balears, Illes",Puigpunyent,2018
"Balears, Illes",Sant Antoni de Portmany,23631
"Balears, Illes",Sencelles,3082
"Balears, Illes",Sant Josep de sa Talaia,25674
"Balears, Illes",Sant Joan,2035
"Balears, Illes",Sant Joan de Labritja,5872
"Balears, Illes",Sant Llorenç des Cardassar,8146
"Balears, Illes",Sant Lluís,7521
"Balears, Illes",Santa Eugènia,1638
"Balears, Illes",Santa Eulària des Riu,35812
"Balears, Illes",Santa Margalida,11672
"Balears, Illes",Santa María del Camí,6685
"Balears, Illes",Santanyí,11316
"Balears, Illes",Selva,3890
"Balears, Illes",Salines (Ses),5018
"Balears, Illes",Sineu,3612
"Balears, Illes",Sóller,13648
"Balears, Illes",Son Servera,11449
"Balears, Illes",Valldemossa,2005
"Balears, Illes",Castell (Es),7635
"Balears, Illes",Vilafranca de Bonany,2913
"Balears, Illes",Migjorn Gran (Es),1429
Barcelona,Abrera,12071
Barcelona,Alella,9660
Barcelona,Ametlla del Vallès (L'),8303
Salamanca,Alberca (La),1121
Salamanca,Aldeadávila de la Ribera,1264
Salamanca,Aldeatejada,1724
Salamanca,Béjar,13724
Salamanca,Cabrerizos,4198
Salamanca,Calvarrasa de Abajo,1155
Salamanca,Cantalapiedra,1027
Salamanca,Carbajosa de la Sagrada,6740
Salamanca,Carrascal de Barregas,1086
Salamanca,Castellanos de Moriscos,2322
Salamanca,Ciudad Rodrigo,13052
Salamanca,Doñinos de Salamanca,1952
Salamanca,Fuente de San Esteban (La),1376
Salamanca,Fuentes de Oñoro,1070
Salamanca,Guijuelo,5673
Salamanca,Ledesma,1778
Salamanca,Lumbrales,1735
Salamanca,Macotera,1184
Salamanca,Monterrubio de Armuña,1324
Salamanca,Pelabravo,1126
Salamanca,Peñaranda de Bracamonte,6557
Salamanca,Salamanca,146438
Salamanca,San Cristóbal de la Cuesta,1017
Salamanca,Santa Marta de Tormes,14970
Salamanca,Terradillos,3152
Salamanca,Villamayor,6962
Salamanca,Villares de la Reina,6188
Salamanca,Villoria,1429
Salamanca,Vitigudino,2700
Santa Cruz de Tenerife,Adeje,45405
Santa Cruz de Tenerife,Agulo,1081
Santa Cruz de Tenerife,Alajeró,2025
Santa Cruz de Tenerife,Arafo,5499
Santa Cruz de Tenerife,Arico,7327
Santa Cruz de Tenerife,Arona,79928
Santa Cruz de Tenerife,Barlovento,1910
Santa Cruz de Tenerife,Breña Alta,7170
Santa Cruz de Tenerife,Breña Baja,5362
Santa Cruz de Tenerife,Buenavista del Norte,4859
Santa Cruz de Tenerife,Candelaria,26490
Santa Cruz de Tenerife,Fasnia,2820
Santa Cruz de Tenerife,Frontera,3926
Santa Cruz de Tenerife,Fuencaliente de la Palma,1730
Santa Cruz de Tenerife,Garachico,4966
Santa Cruz de Tenerife,Garafía,1590
Santa Cruz de Tenerife,Granadilla de Abona,44846
Santa Cruz de Tenerife,Guancha (La),5433
Santa Cruz de Tenerife,Guía de Isora,20373
Santa Cruz de Tenerife,Güímar,18777
Santa Cruz de Tenerife,Hermigua,1950
Santa Cruz de Tenerife,Icod de los Vinos,22659
Santa Cruz de Tenerife,San Cristóbal de La Laguna,152843
Santa Cruz de Tenerife,Llanos de Aridane (Los),20227
Santa Cruz de Tenerife,Matanza de Acentejo (La),8752
Santa Cruz de Tenerife,Orotava (La),41317
Santa Cruz de Tenerife,Paso (El),7563
Santa Cruz de Tenerife,Puerto de la Cruz,29412
Santa Cruz de Tenerife,Puntagorda,2027
Santa Cruz de Tenerife,Puntallana,2372
Santa Cruz de Tenerife,Realejos (Los),36276
Santa Cruz de Tenerife,Rosario (El),17277
Santa Cruz de Tenerife,San Andrés y Sauces,4265
Santa Cruz de Tenerife,San Juan de la Rambla,4958
Santa Cruz de Tenerife,San Miguel de Abona,17090
Santa Cruz de Tenerife,San Sebastián de la Gomera,8591
Santa Cruz de Tenerife,Santa Cruz de la Palma,15900
Santa Cruz de Tenerife,Santa Cruz de Tenerife,203811
Santa Cruz de Tenerife,Santa Úrsula,14246
Santa Cruz de Tenerife,Santiago del Teide,10690
Santa Cruz de Tenerife,Sauzal (El),8930
Santa Cruz de Tenerife,Silos (Los),4805
Santa Cruz de Tenerife,Tacoronte,23893
Santa Cruz de Tenerife,Tanque (El),2698
Santa Cruz de Tenerife,Tazacorte,4771
Santa Cruz de Tenerife,Tegueste,11107
Santa Cruz de Tenerife,Tijarafe,2596
Santa Cruz de Tenerife,Valverde,4870
Santa Cruz de Tenerife,Valle Gran Rey,4223
Santa Cruz de Tenerife,Vallehermoso,2913
Santa Cruz de Tenerife,Victoria de Acentejo (La),9026
Santa Cruz de Tenerife,Vilaflor de Chasna,1671
Santa Cruz de Tenerife,Villa de Mazo,4863
Santa Cruz de Tenerife,Pinar de El Hierro (El),1791
Cantabria,Alfoz de Lloredo,2485
Cantabria,Ampuero,4184
Cantabria,Arenas de Iguña,1752
Cantabria,Argoños,1744
Cantabria,Arnuero,2125
Cantabria,Astillero (El),18297
Cantabria,Bárcena de Cicero,4127
Cantabria,Bareyo,2011
Cantabria,Cabezón de la Sal,8353
Cantabria,Camaleño,1008
Cantabria,Camargo,30766
Cantabria,Cartes,5670
Cantabria,Castañeda,2681
Cantabria,Castro-Urdiales,31833
Cantabria,Cillorigo de Liébana,1318
Cantabria,Colindres,8271
Cantabria,Comillas,2267
Barcelona,Olost,1182
Barcelona,Palafolls,9132
Barcelona,Palau-solità i Plegamans,14457
Barcelona,Pallejà,11298
Barcelona,Papiol (El),4071
Barcelona,Parets del Vallès,18901
Barcelona,Piera,14991
Barcelona,Hostalets de Pierola (Els),2887
Barcelona,Pineda de Mar,25968
Barcelona,Pla del Penedès (El),1230
Barcelona,Pobla de Claramunt (La),2150
Barcelona,Pobla de Lillet (La),1139
Barcelona,Polinyà,8226
Barcelona,Prat de Llobregat (El),63014
Barcelona,Prats de Lluçanès,2580
Barcelona,Premià de Mar,27944
Barcelona,Puig-reig,4167
Barcelona,Ripollet,37445
Barcelona,Roca del Vallès (La),10504
Barcelona,Pont de Vilomara i Rocafort (El),3715
Barcelona,Roda de Ter,6122
Barcelona,Rubí,74536
Barcelona,Sabadell,207814
Barcelona,Sallent,6669
Barcelona,Santpedor,7459
Barcelona,Sant Iscle de Vallalta,1308
Barcelona,Sant Adrià de Besòs,35814
Barcelona,Sant Andreu de la Barca,27340
Barcelona,Sant Andreu de Llavaneres,10493
Barcelona,Sant Antoni de Vilamajor,5789
Barcelona,Sant Boi de Llobregat,82195
Barcelona,Sant Celoni,17317
Barcelona,Sant Cebrià de Vallalta,3326
Barcelona,Sant Climent de Llobregat,4013
Barcelona,Sant Cugat del Vallès,87830
Barcelona,Sant Esteve de Palautordera,2568
Barcelona,Sant Esteve Sesrovires,7613
Barcelona,Sant Fost de Campsentelles,8603
Barcelona,Sant Feliu de Codines,5908
Barcelona,Sant Feliu de Llobregat,43800
Barcelona,Sant Fruitós de Bages,8351
Barcelona,Vilassar de Dalt,8964
Barcelona,Sant Hipòlit de Voltregà,3429
Barcelona,Sant Joan Despí,33264
Barcelona,Sant Joan de Vilatorrada,10768
Barcelona,Vilassar de Mar,20447
Barcelona,Sant Julià de Vilatorta,3104
Barcelona,Sant Just Desvern,16631
Barcelona,Sant Llorenç d'Hortons,2557
Barcelona,Sant Llorenç Savall,2380
Barcelona,Sant Martí de Centelles,1103
Barcelona,Sant Martí de Tous,1186
Barcelona,Sant Martí Sarroca,3092
Barcelona,Premià de Dalt,10392
Barcelona,Sant Pere de Ribes,29666
Barcelona,Sant Pere de Riudebitlles,2374
Barcelona,Sant Pere de Torelló,2433
Barcelona,Sant Pere de Vilamajor,4281
Barcelona,Sant Pol de Mar,5012
Barcelona,Sant Quintí de Mediona,2116
Barcelona,Sant Quirze de Besora,2132
Barcelona,Sant Quirze del Vallès,19602
Barcelona,Sant Sadurní d'Anoia,12689
Barcelona,Santa Coloma de Cervelló,8022
Barcelona,Santa Coloma de Gramenet,116950
Barcelona,Santa Eugènia de Berga,2204
Barcelona,Santa Eulàlia de Riuprimer,1284
Barcelona,Santa Eulàlia de Ronçana,7080
Barcelona,Santa Margarida de Montbui,9648
Barcelona,Santa Margarida i els Monjos,7332
Barcelona,Barberà del Vallès,32545
Barcelona,"Esquirol, L'",2150
Barcelona,Santa Maria d'Oló,1063
Barcelona,Santa Maria de Palautordera,9103
Barcelona,Santa Perpètua de Mogoda,25466
Barcelona,Santa Susanna,3275
Barcelona,Sant Vicenç de Castellet,9246
Barcelona,Sant Vicenç dels Horts,27983
Barcelona,Sant Vicenç de Montalt,6049
Barcelona,Sant Vicenç de Torelló,2001
Barcelona,Cerdanyola del Vallès,57413
Barcelona,Sentmenat,8652
Barcelona,Cercs,1209
Barcelona,Seva,3434
Barcelona,Sitges,28269
Barcelona,Subirats,2988
Barcelona,Súria,5927
Barcelona,Taradell,6262
Barcelona,Terrassa,215214
Barcelona,Teià,6238
Barcelona,Tiana,8411
Barcelona,Tona,8021
Barcelona,Tordera,16433
Barcelona,Torelló,13881
Barcelona,Torre de Claramunt (La),3767
Barcelona,Torrelavit,1401
Barcelona,Torrelles de Foix,2246
Barcelona,Torrelles de Llobregat,5883
Barcelona,Ullastrell,2043
Barcelona,Vacarisses,6143
Málaga,Marbella,139537
Málaga,Mijas,79483
Málaga,Moclinejo,1255
Málaga,Mollina,4901
Málaga,Monda,2382
Málaga,Nerja,21185
Málaga,Ojén,3353
Málaga,Periana,3231
Málaga,Pizarra,9148
Málaga,Rincón de la Victoria,43135
Málaga,Riogordo,2936
Málaga,Ronda,35676
Málaga,Sayalonga,1505
Málaga,Sierra de Yeguas,3398
Málaga,Teba,3973
Málaga,Tolox,2186
Málaga,Torrox,15117
Málaga,Valle de Abdalajís,2615
Málaga,Vélez-Málaga,78166
Málaga,Villanueva de Algaidas,4337
Málaga,Villanueva del Rosario,3508
Málaga,Villanueva del Trabuco,5246
Málaga,Villanueva de Tapia,1544
Málaga,Viñuela,2013
Málaga,Yunquera,2983
Málaga,Torremolinos,67492
Málaga,Villanueva de la Concepción,3341
Murcia,Abanilla,6347
Murcia,Abarán,13179
Murcia,Águilas,34772
Murcia,Albudeite,1374
Murcia,Alcantarilla,41021
Murcia,Alguazas,9544
Murcia,Alhama de Murcia,21351
Murcia,Archena,18559
Murcia,Beniel,11096
Murcia,Blanca,6521
Murcia,Bullas,11753
Murcia,Calasparra,10423
Murcia,Campos del Río,2083
Murcia,Caravaca de la Cruz,25851
Murcia,Cartagena,216301
Murcia,Cehegín,15794
Murcia,Ceutí,11227
Murcia,Cieza,35115
Murcia,Fortuna,9814
Murcia,Fuente Álamo de Murcia,16284
Murcia,Jumilla,25484
Murcia,Librilla,5016
Murcia,Lorca,91714
Murcia,Lorquí,7020
Murcia,Mazarrón,32150
Murcia,Molina de Segura,69331
Murcia,Moratalla,8189
Murcia,Mula,16805
Murcia,Murcia,439889
Murcia,Pliego,3973
Murcia,Puerto Lumbreras,14694
Murcia,Ricote,1369
Murcia,San Javier,31915
Murcia,San Pedro del Pinatar,24339
Murcia,Torre-Pacheco,34469
Murcia,Torres de Cotillas (Las),21399
Murcia,Totana,30916
Murcia,Unión (La),19572
Murcia,Villanueva del Río Segura,2524
Murcia,Yecla,34100
Murcia,Santomera,16012
Murcia,Alcázares (Los),15605
Navarra,Ablitas,2520
Navarra,Altsasu,7490
Navarra,Allo,1012
Navarra,Andosilla,2753
Navarra,Ansoáin,10830
Navarra,Aoiz,2601
Navarra,Aranguren,9398
Navarra,Arbizu,1111
Navarra,Arcos (Los),1136
Navarra,Arguedas,2295
Navarra,Arróniz,1068
Navarra,Artajona,1680
Navarra,Ayegui,2217
Navarra,Azagra,3804
Navarra,Baztan,7792
Navarra,Buñuel,2271
Navarra,Burlada,18336
Navarra,Cabanillas,1414
Navarra,Cadreita,2082
Navarra,Caparroso,2773
Navarra,Cárcar,1054
Navarra,Carcastillo,2466
Navarra,Cascante,3787
Navarra,Castejón,4062
Navarra,Cintruénigo,7779
Navarra,Cizur,3751
Navarra,Corella,7740
Navarra,Cortes,3192
Navarra,Etxarri Aranatz,2466
Navarra,Valle de Egüés,19603
Navarra,Noáin (Valle de Elorz),7892
Alicante,Crevillent,28465
Alicante,Daya Nueva,1732
Alicante,Dénia,41553
Alicante,Dolores,7246
Alicante,Elche,227312
Alicante,Elda,53248
Alicante,Finestrat,6239
Alicante,Formentera del Segura,4206
Alicante,Gata de Gorgos,5885
Alicante,Granja de Rocamora,2425
Alicante,Guardamar del Segura,15589
Alicante,Fondó de les Neus (el),2583
Alicante,Hondón de los Frailes,1160
Alicante,Ibi,23321
Alicante,Jacarilla,1930
Alicante,Xaló,2675
Alicante,Jávea,27681
Alicante,Jijona,7205
Alicante,Llíber,1099
Alicante,Monforte del Cid,7603
Alicante,Monóvar,12381
Alicante,Mutxamel,24256
Alicante,Muro de Alcoy,9167
Alicante,Novelda,26146
Alicante,Nucia (la),20039
Alicante,Ondara,6617
Alicante,Onil,7548
Alicante,Orba,2210
Alicante,Orihuela,82675
Alicante,Pedreguer,7337
Alicante,Pego,10331
Alicante,Petrer,34586
Alicante,Pinós (el),7695
Alicante,Polop,4369
Alicante,Rafal,4167
Alicante,Redován,7706
Alicante,Relleu,1279
Alicante,Rojales,18127
Alicante,Romana (la),2431
Alicante,Salinas,1597
Alicante,San Fulgencio,9021
Alicante,Sant Joan d'Alacant,22825
Alicante,San Miguel de Salinas,6773
Alicante,Santa Pola,31657
Alicante,San Vicente del Raspeig,56302
Alicante,Sax,9696
Alicante,Teulada,11460
Alicante,Tibi,1656
Alicante,Torrevieja,88447
Alicante,Verger (el),4627
Alicante,Villajoyosa,33878
Alicante,Villena,34361
Alicante,Poblets (els),3303
Alicante,Pilar de la Horadada,21629
Alicante,Montesinos (Los),4921
Alicante,San Isidro,1874
Almería,Abla,1342
Almería,Abrucena,1279
Almería,Adra,24670
Almería,Albox,11429
Almería,Alhama de Almería,3763
Almería,Almería,194203
Almería,Antas,3195
Almería,Arboleas,4670
Almería,Benahadux,4183
Almería,Berja,15174
Almería,Canjáyar,1342
Almería,Cantoria,3580
Almería,Carboneras,7838
Almería,Cuevas del Almanzora,13292
Almería,Chirivel,1604
Almería,Dalías,3979
Almería,Fines,2143
Almería,Fiñana,2134
Almería,Fondón,1020
Almería,Gádor,3027
Almería,Gallardos (Los),2973
Almería,Garrucha,8577
Almería,Gérgal,1093
Almería,Huércal de Almería,16823
Almería,Huércal-Overa,18530
Almería,Láujar de Andarax,1574
Almería,Lubrín,1568
Almería,Macael,5676
Almería,María,1285
Almería,Mojácar,6825
Almería,Níjar,28056
Almería,Olula del Río,6259
Almería,Oria,2428
Almería,Pechina,3860
Almería,Pulpí,8762
Almería,Purchena,1686
Almería,Rioja,1374
Almería,Roquetas de Mar,90623
Almería,Serón,2167
Almería,Sorbas,2608
Almería,Tabernas,3668
Almería,Tíjola,3701
Almería,Turre,3346
Almería,Vélez-Blanco,2035
Valladolid,Cistérniga,8789
Valladolid,Fuensaldaña,1518
Valladolid,Íscar,6536
Valladolid,Laguna de Duero,22601
Valladolid,Matapozuelos,1016
Valladolid,Mayorga,1689
Valladolid,Medina del Campo,21110
Valladolid,Medina de Rioseco,4821
Valladolid,Mojados,3135
Valladolid,Nava del Rey,2125
Valladolid,Olmedo,3744
Valladolid,Pedraja de Portillo (La),1143
Valladolid,Pedrajas de San Esteban,3432
Valladolid,Peñafiel,5419
Valladolid,Portillo,2441
Valladolid,Quintanilla de Onésimo,1078
Valladolid,Renedo de Esgueva,3620
Valladolid,Rueda,1312
Valladolid,Santovenia de Pisuerga,4203
Valladolid,Seca (La),1107
Valladolid,Serrada,1173
Valladolid,Simancas,5265
Valladolid,Tordesillas,8936
Valladolid,Traspinedo,1076
Valladolid,Tudela de Duero,8683
Valladolid,Valdestillas,1732
Valladolid,Valladolid,303905
Valladolid,Viana de Cega,2015
Valladolid,Villabrágima,1061
Valladolid,Villalón de Campos,1716
Valladolid,Villanubla,2565
Valladolid,Villanueva de Duero,1193
Valladolid,Zaratán,6124
Bizkaia,Abadiño,7516
Bizkaia,Abanto y Ciérvana-Abanto Zierbena,9635
Bizkaia,Amorebieta-Etxano,18736
Bizkaia,Arrigorriaga,12339
Bizkaia,Bakio,2589
Bizkaia,Barakaldo,100228
Bizkaia,Barrika,1539
Bizkaia,Basauri,41304
Bizkaia,Berango,6961
Bizkaia,Bermeo,16947
Bizkaia,Berriatua,1220
Bizkaia,Berriz,4778
Bizkaia,Bilbao,345141
Bizkaia,Busturia,1687
Bizkaia,Karrantza Harana,2749
Bizkaia,Zeanuri,1258
Bizkaia,Zeberio,1081
Bizkaia,Dima,1424
Bizkaia,Durango,28899
Bizkaia,Etxebarri,10881
Bizkaia,Elorrio,7271
Bizkaia,Ermua,16048
Bizkaia,Galdakao,29344
Bizkaia,Gamiz-Fika,1344
Bizkaia,Gatika,1653
Bizkaia,Gordexola,1710
Bizkaia,Gorliz,5670
Bizkaia,Getxo,78846
Bizkaia,Güeñes,6578
Bizkaia,Gernika-Lumo,16763
Bizkaia,Larrabetzu,2046
Bizkaia,Laukiz,1145
Bizkaia,Leioa,30715
Bizkaia,Lemoa,3505
Bizkaia,Lemoiz,1215
Bizkaia,Lekeitio,7229
Bizkaia,Mallabia,1215
Bizkaia,Markina-Xemein,4969
Bizkaia,Ugao-Miraballes,4122
Bizkaia,Muxika,1450
Bizkaia,Mundaka,1892
Bizkaia,Mungia,17131
Bizkaia,Muskiz,7601
Bizkaia,Otxandio,1272
Bizkaia,Ondarroa,8527
Bizkaia,Urduña,4186
Bizkaia,Orozko,2611
Bizkaia,Plentzia,4338
Bizkaia,Portugalete,46718
Bizkaia,Valle de Trápaga-Trapagaran,12093
Bizkaia,Lezama,2406
Bizkaia,Santurtzi,46284
Bizkaia,Ortuella,8415
Bizkaia,Sestao,28052
Bizkaia,Sopela,13211
Bizkaia,Sopuerta,2599
Bizkaia,Urduliz,4070
Bizkaia,Balmaseda,7800
Bizkaia,Atxondo,1378
Bizkaia,Bedia,1022
Bizkaia,Areatza,1195
Bizkaia,Igorre,4241
Bizkaia,Zaldibar,3063
Bizkaia,Zalla,8477
Bizkaia,Zaratamo,1613
Bizkaia,Derio,6022
Bizkaia,Erandio,24234
Toledo,Villasequilla,2545
Toledo,Villatobas,2515
Toledo,Viso de San Juan (El),4263
Toledo,Yébenes (Los),6132
Toledo,Yeles,5038
Toledo,Yepes,5055
Toledo,Yuncler,3594
Toledo,Yuncos,10607
Toledo,Santo Domingo-Caudilla,1021
Valencia,Ademuz,1149
Valencia,Ador,1374
Valencia,Atzeneta d'Albaida,1160
Valencia,Agullent,2402
Valencia,Alaquàs,29838
Valencia,Albaida,5987
Valencia,Albal,16029
Valencia,Albalat de la Ribera,3467
Valencia,Albalat dels Sorells,3896
Valencia,Albalat dels Tarongers,1178
Valencia,Alberic,10498
Valencia,Alborache,1136
Valencia,Alboraya,23819
Valencia,Albuixech,3928
Valencia,Alcàsser,9612
Valencia,Alcàntera de Xúquer,1341
Valencia,Alzira,44554
Valencia,Alcúdia (l'),11691
Valencia,Alcúdia de Crespins (l'),5282
Valencia,Aldaia,31120
Valencia,Alfafar,21125
Valencia,Alfara del Patriarca,3228
Valencia,Alfarp,1532
Valencia,Alfarrasí,1247
Valencia,Algemesí,27633
Valencia,Algimia de Alfara,1048
Valencia,Alginet,13144
Valencia,Almàssera,7269
Valencia,Almoines,2302
Valencia,Almussafes,8759
Valencia,Alqueria de la Comtessa (l'),1504
Valencia,Anna,2712
Valencia,Antella,1301
Valencia,Aielo de Malferit,4705
Valencia,Ayora,5303
Valencia,Barxeta,1615
Valencia,Barx,1264
Valencia,Bellreguard,4623
Valencia,Benaguasil,10936
Valencia,Benetússer,14436
Valencia,Beniarjó,1754
Valencia,Benifairó de les Valls,2239
Valencia,Benifairó de la Valldigna,1622
Valencia,Benifaió,11913
Valencia,Benigànim,6120
Valencia,Benimodo,2229
Valencia,Beniparrell,1922
Valencia,Benirredrà,1592
Valencia,Benisanó,2233
Valencia,Bétera,22349
Valencia,Bocairent,4357
Valencia,Bolbaite,1389
Valencia,Bonrepòs i Mirambell,3566
Valencia,Buñol,9726
Valencia,Burjassot,37546
Valencia,Camporrobles,1322
Valencia,Canals,13628
Valencia,Canet d'En Berenguer,6426
Valencia,Carcaixent,20479
Valencia,Càrcer,1965
Valencia,Carlet,15397
Valencia,Casinos,2785
Valencia,Castelló de Rugat,2287
Valencia,Catadau,2761
Valencia,Catarroja,27688
Valencia,Cofrentes,1097
Valencia,Corbera,3233
Valencia,Quart de les Valls,1056
Valencia,Quart de Poblet,24864
Valencia,Quartell,1557
Valencia,Quatretonda,2378
Valencia,Cullera,22236
Valencia,Chelva,1446
Valencia,Chella,2604
Valencia,Cheste,8459
Valencia,Xirivella,28963
Valencia,Chiva,15004
Valencia,Daimús,3054
Valencia,Eliana (l'),17436
Valencia,Enguera,5083
Valencia,Estivella,1380
Valencia,Faura,3477
Valencia,Favara,2461
Valencia,Fontanars dels Alforins,1003
Valencia,Fortaleny,1039
Valencia,Foios,7199
Valencia,Font d'En Carròs (la),3761
Valencia,Font de la Figuera (la),2139
Valencia,Gavarda,1113
Valencia,Gandia,75514
Valencia,Genovés,2821
Lugo,Pol,1732
Lugo,Pobra do Brollón (A),1794
Lugo,Pontenova (A),2470
Lugo,Portomarín,1557
Lugo,Quiroga,3424
Lugo,Ribadeo,9929
Lugo,Ribas de Sil,1001
Lugo,Riotorto,1364
Lugo,Samos,1425
Lugo,Rábade,1549
Lugo,Sarria,13393
Lugo,Saviñao (O),4056
Lugo,Sober,2400
Lugo,Taboada,3032
Lugo,Trabada,1178
Lugo,Valadouro (O),2048
Lugo,Vicedo (O),1820
Lugo,Vilalba,14645
Lugo,Viveiro,15735
Lugo,Baralla,2724
Lugo,Burela,9580
Madrid,Ajalvir,4343
Madrid,Álamo (El),8965
Madrid,Alcalá de Henares,198750
Madrid,Alcobendas,113055
Madrid,Alcorcón,167136
Madrid,Aldea del Fresno,2535
Madrid,Algete,20148
Madrid,Alpedrete,14248
Madrid,Anchuelo,1200
Madrid,Aranjuez,58168
Madrid,Arganda del Rey,54533
Madrid,Arroyomolinos,26846
Madrid,Batres,1568
Madrid,Becerril de la Sierra,5396
Madrid,Belmonte de Tajo,1625
Madrid,Boadilla del Monte,48775
Madrid,Boalo (El),7157
Madrid,Brunete,10398
Madrid,Buitrago del Lozoya,1865
Madrid,Bustarviejo,2367
Madrid,Cabrera (La),2574
Madrid,Cadalso de los Vidrios,2767
Madrid,Camarma de Esteruelas,7134
Madrid,Campo Real,5854
Madrid,Carabaña,2017
Madrid,Casarrubuelos,3548
Madrid,Cenicientos,2035
Madrid,Cercedilla,6781
Madrid,Ciempozuelos,23696
Madrid,Cobeña,6983
Madrid,Colmenar del Arroyo,1611
Madrid,Colmenar de Oreja,8071
Madrid,Colmenarejo,8934
Madrid,Colmenar Viejo,47601
Madrid,Collado Mediano,6599
Madrid,Collado Villalba,62056
Madrid,Coslada,86919
Madrid,Cubas de la Sagra,5875
Madrid,Chapinería,2158
Madrid,Chinchón,5436
Madrid,Daganzo de Arriba,9919
Madrid,Escorial (El),15342
Madrid,Estremera,1350
Madrid,Fresnedillas de la Oliva,1554
Madrid,Fresno de Torote,2041
Madrid,Fuenlabrada,195180
Madrid,Fuente el Saz de Jarama,6440
Madrid,Fuentidueña de Tajo,1954
Madrid,Galapagar,32294
Madrid,Getafe,174921
Madrid,Griñón,9918
Madrid,Guadalix de la Sierra,6039
Madrid,Guadarrama,15538
Madrid,Hoyo de Manzanares,7880
Madrid,Humanes de Madrid,19413
Madrid,Leganés,186907
Madrid,Loeches,8212
Madrid,Madrid,3141991
Madrid,Majadahonda,70800
Madrid,Manzanares el Real,8309
Madrid,Meco,13269
Madrid,Mejorada del Campo,22902
Madrid,Miraflores de la Sierra,5807
Madrid,Molar (El),8036
Madrid,Molinos (Los),4349
Madrid,Moraleja de Enmedio,5046
Madrid,Moralzarzal,12213
Madrid,Morata de Tajuña,7453
Madrid,Móstoles,206263
Madrid,Navacerrada,2855
Madrid,Navalafuente,1201
Madrid,Navalagamella,2462
Madrid,Navalcarnero,26672
Madrid,Navas del Rey,2628
Madrid,Nuevo Baztán,6098
Madrid,Orusco de Tajuña,1260
Madrid,Paracuellos de Jarama,22293
Madrid,Parla,125056
Madrid,Pedrezuela,5271
Palencia,Velilla del Río Carrión,1406
Palencia,Villada,1036
Palencia,Villalobón,1573
Palencia,Villamuriel de Cerrato,6370
Palencia,Osorno la Mayor,1298
"Palmas, Las",Agaete,5618
"Palmas, Las",Agüimes,30294
"Palmas, Las",Antigua,11024
"Palmas, Las",Arrecife,56940
"Palmas, Las",Artenara,1177
"Palmas, Las",Arucas,37054
"Palmas, Las",Firgas,7486
"Palmas, Las",Gáldar,24235
"Palmas, Las",Haría,4755
"Palmas, Las",Ingenio,30258
"Palmas, Las",Mogán,22277
"Palmas, Las",Moya,7845
"Palmas, Las",Oliva (La),25199
"Palmas, Las",Pájara,19271
"Palmas, Las",Palmas de Gran Canaria (Las),379766
"Palmas, Las",Puerto del Rosario,37363
"Palmas, Las",San Bartolomé,18402
"Palmas, Las",San Bartolomé de Tirajana,54932
"Palmas, Las",Aldea de San Nicolás (La),7969
"Palmas, Las",Santa Brígida,18582
"Palmas, Las",Santa Lucía de Tirajana,69069
"Palmas, Las",Santa María de Guía de Gran Canaria,13890
"Palmas, Las",Teguise,21454
"Palmas, Las",Tejeda,2001
"Palmas, Las",Telde,102078
"Palmas, Las",Teror,12499
"Palmas, Las",Tías,20019
"Palmas, Las",Tinajo,5824
"Palmas, Las",Tuineje,13797
"Palmas, Las",Valsequillo de Gran Canaria,9276
"Palmas, Las",Valleseco,3856
"Palmas, Las",Vega de San Mateo,7668
"Palmas, Las",Yaiza,15815
Pontevedra,Arbo,2846
Pontevedra,Barro,3726
Pontevedra,Baiona,12072
Pontevedra,Bueu,12251
Pontevedra,Caldas de Reis,9834
Pontevedra,Cambados,13895
Pontevedra,Campo Lameiro,1931
Pontevedra,Cangas,26520
Pontevedra,Cañiza (A),5230
Pontevedra,Catoira,3368
Pontevedra,Cerdedo,1828
Pontevedra,Cotobade,4332
Pontevedra,Covelo,2617
Pontevedra,Crecente,2252
Pontevedra,Cuntis,4878
Pontevedra,Dozón,1174
Pontevedra,Estrada (A),21025
Pontevedra,Forcarei,3683
Pontevedra,Fornelos de Montes,1794
Pontevedra,Agolada,2585
Pontevedra,Gondomar,14056
Pontevedra,Grove (O),10801
Pontevedra,Guarda (A),10193
Pontevedra,Lalín,20005
Pontevedra,Lama (A),2670
Pontevedra,Marín,25084
Pontevedra,Meaño,5382
Pontevedra,Meis,5006
Pontevedra,Moaña,19492
Pontevedra,Mondariz,4665
Pontevedra,Moraña,4358
Pontevedra,Mos,15305
Pontevedra,Neves (As),4066
Pontevedra,Nigrán,17619
Pontevedra,Oia,3008
Pontevedra,Pazos de Borbén,3067
Pontevedra,Pontevedra,82539
Pontevedra,Porriño (O),18898
Pontevedra,Portas,3061
Pontevedra,Poio,16842
Pontevedra,Ponteareas,22990
Pontevedra,Ponte Caldelas,5540
Pontevedra,Pontecesures,3062
Pontevedra,Redondela,29697
Pontevedra,Ribadumia,5087
Pontevedra,Rodeiro,2700
Pontevedra,Rosal (O),6406
Pontevedra,Salceda de Caselas,8873
Pontevedra,Salvaterra de Miño,9619
Pontevedra,Sanxenxo,17391
Pontevedra,Silleda,8772
Pontevedra,Soutomaior,7317
Pontevedra,Tomiño,13662
Pontevedra,Tui,17013
Pontevedra,Valga,6062
Pontevedra,Vigo,294098
Pontevedra,Vilaboa,6059
Pontevedra,Vila de Cruces,5556
Pontevedra,Vilagarcía de Arousa,37482
Pontevedra,Vilanova de Arousa,10422
Pontevedra,Illa de Arousa (A),4956
Salamanca,Alba de Tormes,5309
Gipuzkoa,Elgeta,1116
Gipuzkoa,Eskoriatza,4085
Gipuzkoa,Hondarribia,16945
Gipuzkoa,Getaria,2783
Gipuzkoa,Hernani,19600
Gipuzkoa,Ibarra,4278
Gipuzkoa,Idiazabal,2308
Gipuzkoa,Irun,61481
Gipuzkoa,Irura,1690
Gipuzkoa,Lazkao,5456
Gipuzkoa,Legazpi,8521
Gipuzkoa,Legorreta,1441
Gipuzkoa,Lezo,5990
Gipuzkoa,Arrasate,22055
Gipuzkoa,Mutriku,5313
Gipuzkoa,Oñati,11276
Gipuzkoa,Orio,5805
Gipuzkoa,Ormaiztegi,1304
Gipuzkoa,Oiartzun,10148
Gipuzkoa,Pasaia,16012
Gipuzkoa,Soraluze-Placencia de las Armas,3947
Gipuzkoa,Errenteria,39276
Gipuzkoa,Donostia,186095
Gipuzkoa,Segura,1476
Gipuzkoa,Tolosa,19113
Gipuzkoa,Urnieta,6239
Gipuzkoa,Usurbil,6183
Gipuzkoa,Bergara,14780
Gipuzkoa,Villabona,5862
Gipuzkoa,Ordizia,9846
Gipuzkoa,Urretxu,6908
Gipuzkoa,Zaldibia,1577
Gipuzkoa,Zarautz,22988
Gipuzkoa,Zumarraga,9921
Gipuzkoa,Zumaia,9798
Gipuzkoa,Mendaro,2026
Gipuzkoa,Lasarte-Oria,18093
Gipuzkoa,Astigarraga,5688
Huelva,Aljaraque,20357
Huelva,Almonaster la Real,1861
Huelva,Almonte,23254
Huelva,Alosno,4038
Huelva,Aracena,7972
Huelva,Aroche,3183
Huelva,Arroyomolinos de León,1018
Huelva,Ayamonte,20357
Huelva,Beas,4304
Huelva,Bollullos Par del Condado,14324
Huelva,Bonares,6090
Huelva,Cala,1252
Huelva,Calañas,4238
Huelva,Campillo (El),2122
Huelva,Cartaya,19164
Huelva,Cerro de Andévalo (El),2495
Huelva,Cortegana,4931
Huelva,Cumbres Mayores,1848
Huelva,Chucena,2122
Huelva,Encinasola,1326
Huelva,Escacena del Campo,2095
Huelva,Galaroza,1486
Huelva,Gibraleón,12508
Huelva,Higuera de la Sierra,1327
Huelva,Hinojos,3862
Huelva,Huelva,146318
Huelva,Isla Cristina,21193
Huelva,Jabugo,2267
Huelva,Lepe,27675
Huelva,Lucena del Puerto,3046
Huelva,Manzanilla,2108
Huelva,Minas de Riotinto,4063
Huelva,Moguer,21383
Huelva,Nerva,5514
Huelva,Niebla,3999
Huelva,Palma del Condado (La),10662
Huelva,Palos de la Frontera,10365
Huelva,Paterna del Campo,3554
Huelva,Paymogo,1238
Huelva,Puebla de Guzmán,3143
Huelva,Punta Umbría,14996
Huelva,Rociana del Condado,7643
Huelva,Rosal de la Frontera,1750
Huelva,San Bartolomé de la Torre,3608
Huelva,San Juan del Puerto,8832
Huelva,Santa Bárbara de Casa,1113
Huelva,Santa Olalla del Cala,2010
Huelva,Trigueros,7746
Huelva,Valverde del Camino,12766
Huelva,Villablanca,2880
Huelva,Villalba del Alcor,3320
Huelva,Villanueva de los Castillejos,2747
Huelva,Villarrasa,2162
Huelva,Zalamea la Real,3210
Huesca,Albalate de Cinca,1151
Huesca,Alcolea de Cinca,1125
Huesca,Almudévar,2501
Huesca,Altorricón,1469
Huesca,Ayerbe,1116
Huesca,Barbastro,17020
Huesca,Belver de Cinca,1312
Huesca,Benabarre,1127
Navarra,Estella-Lizarra,13702
Navarra,Esteribar,2598
Navarra,Ezcabarte,1834
Navarra,Falces,2390
Navarra,Fitero,2022
Navarra,Funes,2471
Navarra,Fustiñana,2511
Navarra,Galar,2074
Navarra,Huarte,6776
Navarra,Iza,1171
Navarra,Lakuntza,1257
Navarra,Larraga,2034
Navarra,Leitza,2888
Navarra,Lerín,1665
Navarra,Lesaka,2742
Navarra,Lodosa,4741
Navarra,Lumbier,1349
Navarra,Marcilla,2800
Navarra,Mendavia,3597
Navarra,Mendigorría,1055
Navarra,Milagro,3290
Navarra,Monteagudo,1097
Navarra,Murchante,3842
Navarra,Olazti,1520
Navarra,Olite,3907
Navarra,Cendea de Olza,1822
Navarra,Pamplona,195853
Navarra,Peralta,5863
Navarra,Puente la Reina,2818
Navarra,Ribaforada,3692
Navarra,San Adrián,6196
Navarra,Sangüesa,5020
Navarra,Doneztebe,1658
Navarra,Sartaguda,1372
Navarra,Sesma,1183
Navarra,Tafalla,10809
Navarra,Tudela,35388
Navarra,Ultzama,1666
Navarra,Valtierra,2443
Navarra,Bera,3768
Navarra,Viana,4048
Navarra,Villafranca,2805
Navarra,Villatuerta,1137
Navarra,Villava,10265
Navarra,Valle de Yerri,1497
Navarra,Barañain,20475
Navarra,Berrioplano,6527
Navarra,Berriozar,9625
Navarra,Irurtzun,2194
Navarra,Beriáin,3889
Navarra,Orkoien,3770
Navarra,Zizur Mayor,14493
Navarra,Lekunberri,1483
Ourense,Allariz,6049
Ourense,Amoeiro,2245
Ourense,Arnoia (A),1040
Ourense,Avión,1962
Ourense,Baltar,1002
Ourense,Bande,1735
Ourense,Baños de Molgas,1658
Ourense,Barbadás,10463
Ourense,Barco de Valdeorras (O),13785
Ourense,Beariz,1016
Ourense,Boborás,2510
Ourense,Bola (A),1339
Ourense,Carballeda de Valdeorras,1698
Ourense,Carballeda de Avia,1400
Ourense,Carballiño (O),13999
Ourense,Cartelle,2852
Ourense,Castrelo do Val,1079
Ourense,Castrelo de Miño,1556
Ourense,Castro Caldelas,1351
Ourense,Celanova,5536
Ourense,Cenlle,1189
Ourense,Coles,3168
Ourense,Cortegada,1184
Ourense,Cualedro,1840
Ourense,Entrimo,1251
Ourense,Esgos,1220
Ourense,Xinzo de Limia,10043
Ourense,Gudiña (A),1392
Ourense,Irixo (O),1600
Ourense,Xunqueira de Ambía,1498
Ourense,Laza,1424
Ourense,Leiro,1630
Ourense,Lobios,1988
Ourense,Maceda,2957
Ourense,Maside,2879
Ourense,Melón,1293
Ourense,Merca (A),2021
Ourense,Mezquita (A),1109
Ourense,Monterrei,2758
Ourense,Muíños,1622
Ourense,Nogueira de Ramuín,2124
Ourense,Oímbra,2020
Ourense,Ourense,106231
Ourense,Paderne de Allariz,1486
Ourense,Padrenda,1912
Ourense,Pereiro de Aguiar (O),6319
Ourense,Peroxa (A),2038
Cantabria,Corrales de Buelna (Los),11077
Cantabria,Corvera de Toranzo,2080
Cantabria,Campoo de Enmedio,3780
Cantabria,Entrambasaguas,4931
Cantabria,Guriezo,2354
Cantabria,Hazas de Cesto,1520
Cantabria,Hermandad de Campoo de Suso,1679
Cantabria,Laredo,11643
Cantabria,Liendo,1223
Cantabria,Liérganes,2386
Cantabria,Limpias,1815
Cantabria,Marina de Cudeyo,5203
Cantabria,Mazcuerras,2127
Cantabria,Medio Cudeyo,7530
Cantabria,Meruelo,1922
Cantabria,Miengo,4675
Cantabria,Molledo,1595
Cantabria,Noja,2587
Cantabria,Penagos,2017
Cantabria,Piélagos,24360
Cantabria,Polanco,5705
Cantabria,Potes,1413
Cantabria,Puente Viesgo,2886
Cantabria,Ramales de la Victoria,2820
Cantabria,Reinosa,9605
Cantabria,Reocín,8382
Cantabria,Ribamontán al Mar,4419
Cantabria,Ribamontán al Monte,2267
Cantabria,Rionansa,1051
Cantabria,Riotuerto,1638
Cantabria,Ruente,1037
Cantabria,San Felices de Buelna,2408
Cantabria,Santa Cruz de Bezana,12560
Cantabria,Santa María de Cayón,9090
Cantabria,Santander,173957
Cantabria,Santillana del Mar,4203
Cantabria,Santiurde de Toranzo,1619
Cantabria,Santoña,11088
Cantabria,San Vicente de la Barquera,4247
Cantabria,Selaya,1922
Cantabria,Soba,1260
Cantabria,Solórzano,1010
Cantabria,Suances,8612
Cantabria,Torrelavega,53496
Cantabria,Valdáliga,2309
Cantabria,Valdeolea,1020
Cantabria,Valderredible,1001
Cantabria,Val de San Vicente,2797
Cantabria,Villacarriedo,1669
Cantabria,Villaescusa,3826
Cantabria,Villafufre,1032
Cantabria,Voto,2729
Segovia,Ayllón,1268
Segovia,Cantalejo,3693
Segovia,Cantimpalos,1346
Segovia,Carbonero el Mayor,2540
Segovia,Coca,1896
Segovia,Cuéllar,9477
Segovia,Espinar (El),9486
Segovia,Espirdo,1107
Segovia,Hontanares de Eresma,1301
Segovia,Lastrilla (La),3669
Segovia,Nava de la Asunción,2882
Segovia,Navalmanzano,1121
Segovia,Navas de Oro,1387
Segovia,Palazuelos de Eresma,4986
Segovia,Riaza,2290
Segovia,Real Sitio de San Ildefonso,5403
Segovia,Santa María la Real de Nieva,1045
Segovia,Segovia,52728
Segovia,Sepúlveda,1168
Segovia,Torrecaballeros,1288
Segovia,Trescasas,1007
Segovia,Turégano,1039
Segovia,Valverde del Majano,1063
Segovia,Villacastín,1521
Segovia,San Cristóbal de Segovia,2964
Sevilla,Aguadulce,2114
Sevilla,Alanís,1820
Sevilla,Albaida del Aljarafe,3110
Sevilla,Alcalá de Guadaíra,74845
Sevilla,Alcalá del Río,11745
Sevilla,Alcolea del Río,3414
Sevilla,Algaba (La),16279
Sevilla,Algámitas,1291
Sevilla,Almadén de la Plata,1480
Sevilla,Almensilla,5861
Sevilla,Arahal,19550
Sevilla,Aznalcázar,4469
Sevilla,Aznalcóllar,6168
Sevilla,Badolatosa,3147
Sevilla,Benacazón,7163
Sevilla,Bollullos de la Mitación,10199
Sevilla,Bormujos,21362
Sevilla,Brenes,12697
Sevilla,Burguillos,6420
Sevilla,Cabezas de San Juan (Las),16514
Sevilla,Camas,26861
Sevilla,Campana (La),5410
Sevilla,Cantillana,10717
Madrid,Pelayos de la Presa,2455
Madrid,Perales de Tajuña,2871
Madrid,Pinto,48660
Madrid,Pozuelo de Alarcón,84558
Madrid,Pozuelo del Rey,1071
Madrid,Quijorna,3196
Madrid,Rascafría,1739
Madrid,Rivas-Vaciamadrid,81473
Madrid,Robledo de Chavela,3955
Madrid,Rozas de Madrid (Las),93520
Madrid,San Agustín del Guadalix,12982
Madrid,San Fernando de Henares,40188
Madrid,San Lorenzo de El Escorial,18191
Madrid,San Martín de la Vega,18835
Madrid,San Martín de Valdeiglesias,8463
Madrid,San Sebastián de los Reyes,84944
Madrid,Santa María de la Alameda,1199
Madrid,Santos de la Humosa (Los),2389
Madrid,Serranillos del Valle,3994
Madrid,Sevilla la Nueva,8902
Madrid,Soto del Real,8456
Madrid,Talamanca de Jarama,3371
Madrid,Tielmes,2585
Madrid,Titulcia,1234
Madrid,Torrejón de Ardoz,126934
Madrid,Torrejón de la Calzada,7901
Madrid,Torrejón de Velasco,4224
Madrid,Torrelaguna,4788
Madrid,Torrelodones,23117
Madrid,Torres de la Alameda,7877
Madrid,Valdeavero,1451
Madrid,Valdemorillo,12173
Madrid,Valdemoro,72854
Madrid,Valdeolmos-Alalpardo,3785
Madrid,Valdetorres de Jarama,4234
Madrid,Valdilecha,2838
Madrid,Velilla de San Antonio,12382
Madrid,Vellón (El),1803
Madrid,Venturada,1991
Madrid,Villaconejos,3405
Madrid,Villa del Prado,6414
Madrid,Villalbilla,12351
Madrid,Villamanta,2525
Madrid,Villamantilla,1292
Madrid,Villanueva de la Cañada,19250
Madrid,Villanueva del Pardillo,16797
Madrid,Villanueva de Perales,1441
Madrid,Villar del Olmo,2058
Madrid,Villarejo de Salvanés,7288
Madrid,Villaviciosa de Odón,27075
Madrid,Zarzalejo,1546
Madrid,Lozoyuela-Navas-Sieteiglesias,1203
Madrid,Tres Cantos,43309
Málaga,Alameda,5403
Málaga,Alcaucín,2375
Málaga,Alfarnate,1159
Málaga,Algarrobo,6013
Málaga,Alhaurín de la Torre,38523
Málaga,Alhaurín el Grande,24338
Málaga,Almáchar,1867
Málaga,Almargen,2081
Málaga,Almogía,3826
Málaga,Álora,13003
Málaga,Alozaina,2082
Málaga,Antequera,41141
Málaga,Archidona,8490
Málaga,Ardales,2527
Málaga,Arenas,1219
Málaga,Arriate,4157
Málaga,Benahavís,7105
Málaga,Benalmádena,66598
Málaga,Benamargosa,1568
Málaga,Benamocarra,3047
Málaga,Benaoján,1513
Málaga,Burgo (El),1929
Málaga,Campillos,8524
Málaga,Canillas de Aceituno,1737
Málaga,Cañete la Real,1738
Málaga,Cártama,24592
Málaga,Casabermeja,3418
Málaga,Casarabonela,2599
Málaga,Casares,5954
Málaga,Coín,21561
Málaga,Colmenar,3444
Málaga,Comares,1385
Málaga,Cómpeta,3503
Málaga,Cortes de la Frontera,3304
Málaga,Cuevas Bajas,1431
Málaga,Cuevas del Becerro,1643
Málaga,Cuevas de San Marcos,3884
Málaga,Estepona,67080
Málaga,Frigiliana,3065
Málaga,Fuengirola,77525
Málaga,Fuente de Piedra,2613
Málaga,Gaucín,1670
Málaga,Guaro,2060
Málaga,Humilladero,3364
Málaga,Istán,1388
Málaga,Málaga,569130
Málaga,Manilva,14587
Sevilla,Carmona,28656
Sevilla,Carrión de los Céspedes,2563
Sevilla,Casariche,5594
Sevilla,Castilblanco de los Arroyos,4946
Sevilla,Castilleja de Guzmán,2855
Sevilla,Castilleja de la Cuesta,17459
Sevilla,Castillo de las Guardas (El),1511
Sevilla,Cazalla de la Sierra,5007
Sevilla,Constantina,6190
Sevilla,Coria del Río,30358
Sevilla,Coripe,1359
Sevilla,Coronil (El),4946
Sevilla,Corrales (Los),4003
Sevilla,Dos Hermanas,131317
Sevilla,Écija,40320
Sevilla,Espartinas,14909
Sevilla,Estepa,12716
Sevilla,Fuentes de Andalucía,7190
Sevilla,Gelves,9838
Sevilla,Gerena,7404
Sevilla,Gilena,3861
Sevilla,Gines,13309
Sevilla,Guadalcanal,2744
Sevilla,Guillena,12506
Sevilla,Herrera,6467
Sevilla,Huévar del Aljarafe,2791
Sevilla,Lantejuela,3873
Sevilla,Lebrija,27449
Sevilla,Lora del Río,19328
Sevilla,Luisiana (La),4674
Sevilla,Mairena del Alcor,22749
Sevilla,Mairena del Aljarafe,44388
Sevilla,Marchena,19878
Sevilla,Marinaleda,2734
Sevilla,Martín de la Jara,2756
Sevilla,Molares (Los),3467
Sevilla,Montellano,7088
Sevilla,Morón de la Frontera,28223
Sevilla,Navas de la Concepción (Las),1639
Sevilla,Olivares,9522
Sevilla,Osuna,17801
Sevilla,Palacios y Villafranca (Los),38157
Sevilla,Palomares del Río,8211
Sevilla,Paradas,7024
Sevilla,Pedrera,5328
Sevilla,Pedroso (El),2124
Sevilla,Peñaflor,3721
Sevilla,Pilas,13987
Sevilla,Pruna,2696
Sevilla,Puebla de Cazalla (La),11241
Sevilla,Puebla de los Infantes (La),3100
Sevilla,Puebla del Río (La),12114
Sevilla,Real de la Jara (El),1581
Sevilla,Rinconada (La),38180
Sevilla,Roda de Andalucía (La),4282
Sevilla,Ronquillo (El),1398
Sevilla,Rubio (El),3524
Sevilla,Salteras,5492
Sevilla,San Juan de Aznalfarache,21390
Sevilla,Sanlúcar la Mayor,13451
Sevilla,Santiponce,8453
Sevilla,Saucejo (El),4399
Sevilla,Sevilla,693878
Sevilla,Tocina,9728
Sevilla,Tomares,24743
Sevilla,Umbrete,8606
Sevilla,Utrera,52558
Sevilla,Valencina de la Concepción,7948
Sevilla,Villamanrique de la Condesa,4503
Sevilla,Villanueva del Ariscal,6395
Sevilla,Villanueva del Río y Minas,4944
Sevilla,Villanueva de San Juan,1232
Sevilla,Villaverde del Río,7823
Sevilla,Viso del Alcor (El),19149
Sevilla,Cañada Rosal,3305
Sevilla,Isla Mayor,5938
Sevilla,Cuervo de Sevilla (El),8694
Soria,Ágreda,3053
Soria,Almazán,5734
Soria,Arcos de Jalón,1661
Soria,Burgo de Osma-Ciudad de Osma,5066
Soria,Covaleda,1779
Soria,Duruelo de la Sierra,1175
Soria,Golmayo,2484
Soria,Ólvega,3715
Soria,San Esteban de Gormaz,3070
Soria,San Leonardo de Yagüe,2164
Soria,Soria,39168
Tarragona,Albinyana,2320
Tarragona,Alcanar,9603
Tarragona,Alcover,5073
Tarragona,Alforja,1883
Tarragona,Almoster,1410
Tarragona,Altafulla,5052
Tarragona,Ametlla de Mar (L'),7183
Tarragona,Amposta,20952
Tarragona,Arboç (L'),5513
Tarragona,Ascó,1682
Tarragona,Banyeres del Penedès,3103
Tarragona,Batea,1945
Araba,Alegría-Dulantzi,2882
Araba,Amurrio,10263
Araba,Aramaio,1518
Araba,Artziniega,1829
Araba,Asparrena,1647
Araba,Ayala,2927
Araba,Campezo,1069
Araba,Zigoitia,1765
Araba,Elciego,1051
Araba,Labastida,1471
Araba,Laguardia,1520
Araba,Laudio,18300
Araba,Okondo,1156
Araba,Oyón-Oion,3320
Araba,Ribera Baja,1359
Araba,Salvatierra,4986
Araba,Urkabustaiz,1300
Araba,Valdegovía,1013
Araba,Legutio,1716
Araba,Vitoria-Gasteiz,243918
Araba,Zuia,2383
Araba,Iruña Oka,3172
Albacete,Albacete,172121
Albacete,Alcalá del Júcar,1250
Albacete,Alcaraz,1529
Albacete,Almansa,24837
Albacete,Alpera,2326
Albacete,Balazote,2378
Albacete,Barrax,1915
Albacete,Bonete,1127
Albacete,Bonillo (El),2915
Albacete,Casas de Juan Núñez,1382
Albacete,Casas-Ibáñez,4658
Albacete,Caudete,10163
Albacete,Cenizate,1174
Albacete,Chinchilla de Monte-Aragón,4169
Albacete,Elche de la Sierra,3761
Albacete,Fuente-Álamo,2591
Albacete,Fuentealbilla,1901
Albacete,Gineta (La),2532
Albacete,Hellín,30592
Albacete,Higueruela,1249
Albacete,Lezuza,1483
Albacete,Liétor,1321
Albacete,Madrigueras,4724
Albacete,Mahora,1422
Albacete,Minaya,1564
Albacete,Montealegre del Castillo,2122
Albacete,Munera,3643
Albacete,Nerpio,1362
Albacete,Ontur,2141
Albacete,Ossa de Montiel,2510
Albacete,Peñas de San Pedro,1431
Albacete,Pozohondo,1717
Albacete,Riópar,1448
Albacete,Roda (La),15868
Albacete,San Pedro,1316
Albacete,Socovos,1832
Albacete,Tarazona de la Mancha,6543
Albacete,Tobarra,7973
Albacete,Valdeganga,1991
Albacete,Villalgordo del Júcar,1147
Albacete,Villamalea,4106
Albacete,Villarrobledo,25989
Albacete,Yeste,2869
Albacete,Pozo Cañada,2811
Alicante,Agost,4707
Alicante,Albatera,11780
Alicante,Alcalalí,1311
Alicante,Alcoy,59567
Alicante,Alfàs del Pi (l'),21700
Alicante,Algorfa,3693
Alicante,Algueña,1413
Alicante,Alicante,328648
Alicante,Almoradí,19955
Alicante,Altea,22385
Alicante,Aspe,20406
Alicante,Banyeres de Mariola,7155
Alicante,Beneixama,1746
Alicante,Benejúzar,5398
Alicante,Benferri,1899
Alicante,Beniarbeig,1926
Alicante,Beniarrés,1208
Alicante,Benidoleig,1196
Alicante,Benidorm,69045
Alicante,Benijófar,3655
Alicante,Benissa,11598
Alicante,Benitachell,4690
Alicante,Biar,3657
Alicante,Bigastro,6714
Alicante,Busot,3075
Alicante,Calp,21540
Alicante,Callosa d'en Sarrià,7133
Alicante,Callosa de Segura,18200
Alicante,Campello (el),27356
Alicante,Cañada,1229
Alicante,Castalla,9994
Alicante,Catral,8690
Alicante,Cocentaina,11406
Alicante,Cox,7229
Granada,Jun,3620
Granada,Láchar,3263
Granada,Lanjarón,3715
Granada,Lecrín,2138
Granada,Loja,20893
Granada,Malahá (La),1834
Granada,Maracena,21816
Granada,Moclín,3976
Granada,Molvízar,2895
Granada,Monachil,7538
Granada,Montefrío,5720
Granada,Montejícar,2230
Granada,Montillana,1330
Granada,Moraleda de Zafayona,3200
Granada,Motril,60777
Granada,Nigüelas,1214
Granada,Ogíjares,13719
Granada,Orce,1226
Granada,Órgiva,5483
Granada,Otívar,1093
Granada,Villa de Otura,6783
Granada,Padul,8407
Granada,Pedro Martínez,1150
Granada,Peligros,11154
Granada,Peza (La),1250
Granada,Pinos Genil,1438
Granada,Pinos Puente,10605
Granada,Píñar,1209
Granada,Polopos,1680
Granada,Puebla de Don Fadrique,2329
Granada,Pulianas,5366
Granada,Purullena,2399
Granada,Salar,2712
Granada,Salobreña,12429
Granada,Santa Fe,15067
Granada,Ugíjar,2560
Granada,Vélez de Benaudalla,2903
Granada,Villanueva Mesía,2013
Granada,Zafarraya,2040
Granada,Zubia (La),18675
Granada,Zújar,2777
Granada,Valle (El),1013
Granada,Nevada,1123
Granada,Alpujarra de la Sierra,1041
Granada,Gabias (Las),19603
Granada,Guajares (Los),1087
Granada,Valle del Zalabí,2229
Granada,Villamena,1016
Granada,Vegas del Genil,10423
Granada,Cuevas del Campo,1882
Granada,Valderrubio,2111
Guadalajara,Almoguera,1401
Guadalajara,Alovera,12247
Guadalajara,Azuqueca de Henares,34896
Guadalajara,Brihuega,2538
Guadalajara,Cabanillas del Campo,9707
Guadalajara,Casar (El),11606
Guadalajara,Cifuentes,1920
Guadalajara,Chiloeches,3291
Guadalajara,Fontanar,2338
Guadalajara,Galápagos,2368
Guadalajara,Guadalajara,83391
Guadalajara,Horche,2544
Guadalajara,Humanes,1485
Guadalajara,Jadraque,1504
Guadalajara,Loranca de Tajuña,1275
Guadalajara,Marchamalo,6750
Guadalajara,Molina de Aragón,3468
Guadalajara,Mondéjar,2579
Guadalajara,Pioz,3544
Guadalajara,Pozo de Guadalajara,1249
Guadalajara,Sacedón,1605
Guadalajara,Sigüenza,4648
Guadalajara,Torija,1453
Guadalajara,Torrejón del Rey,5064
Guadalajara,Trijueque,1256
Guadalajara,Trillo,1436
Guadalajara,Uceda,2602
Guadalajara,Valdeaveruelo,1048
Guadalajara,Villanueva de la Torre,6443
Guadalajara,Yebes,2741
Guadalajara,Yunquera de Henares,3755
Gipuzkoa,Alegia,1741
Gipuzkoa,Andoain,14668
Gipuzkoa,Anoeta,1959
Gipuzkoa,Antzuola,2193
Gipuzkoa,Aretxabaleta,6974
Gipuzkoa,Asteasu,1525
Gipuzkoa,Ataun,1674
Gipuzkoa,Aia,2051
Gipuzkoa,Azkoitia,11566
Gipuzkoa,Azpeitia,14675
Gipuzkoa,Beasain,13980
Gipuzkoa,Berastegi,1061
Gipuzkoa,Zegama,1517
Gipuzkoa,Zestoa,3714
Gipuzkoa,Zizurkil,3010
Gipuzkoa,Deba,5463
Gipuzkoa,Eibar,27414
Gipuzkoa,Elgoibar,11589
Huesca,Benasque,2090
Huesca,Biescas,1487
Huesca,Binaced,1507
Huesca,Binéfar,9439
Huesca,Fraga,14921
Huesca,Grañén,1859
Huesca,Graus,3371
Huesca,Gurrea de Gállego,1545
Huesca,Huesca,52239
Huesca,Jaca,13088
Huesca,Lanaja,1268
Huesca,Monzón,17260
Huesca,Sabiñánigo,9598
Huesca,Sallent de Gállego,1441
Huesca,Sariñena,4223
Huesca,Tamarite de Litera,3538
Huesca,Torrente de Cinca,1187
Huesca,Zaidín,1852
Huesca,Aínsa-Sobrarbe,2220
Jaén,Albanchez de Mágina,1186
Jaén,Alcalá la Real,22036
Jaén,Alcaudete,10779
Jaén,Andújar,38246
Jaén,Arjona,5692
Jaén,Arjonilla,3729
Jaén,Arquillos,1872
Jaén,Baeza,16163
Jaén,Bailén,18243
Jaén,Baños de la Encina,2672
Jaén,Beas de Segura,5439
Jaén,Begíjar,3133
Jaén,Bélmez de la Moraleda,1693
Jaén,Cabra del Santo Cristo,1937
Jaén,Cambil,2857
Jaén,Campillo de Arenas,1941
Jaén,Canena,1959
Jaén,Carolina (La),15673
Jaén,Castellar,3440
Jaén,Castillo de Locubín,4293
Jaén,Cazorla,7692
Jaén,Chiclana de Segura,1023
Jaén,Chilluévar,1509
Jaén,Frailes,1651
Jaén,Fuensanta de Martos,3160
Jaén,Fuerte del Rey,1409
Jaén,Guardia de Jaén (La),4832
Jaén,Guarromán,2876
Jaén,Lahiguera,1783
Jaén,Huelma,6089
Jaén,Huesa,2584
Jaén,Ibros,2973
Jaén,Iruela (La),1999
Jaén,Iznatoraf,1016
Jaén,Jabalquinto,2201
Jaén,Jaén,115395
Jaén,Jamilena,3404
Jaén,Jimena,1344
Jaén,Jódar,12022
Jaén,Linares,59737
Jaén,Lopera,3779
Jaén,Mancha Real,11212
Jaén,Marmolejo,7089
Jaén,Martos,24398
Jaén,Mengíbar,9935
Jaén,Montizón,1815
Jaén,Navas de San Juan,4712
Jaén,Noalejo,2000
Jaén,Orcera,1919
Jaén,Peal de Becerro,5410
Jaén,Pegalajar,3032
Jaén,Porcuna,6567
Jaén,Pozo Alcón,4892
Jaén,Puente de Génave,2221
Jaén,Puerta de Segura (La),2503
Jaén,Quesada,5585
Jaén,Rus,3728
Jaén,Sabiote,4073
Jaén,Santisteban del Puerto,4666
Jaén,Santo Tomé,2303
Jaén,Segura de la Sierra,1916
Jaén,Siles,2345
Jaén,Sorihuela del Guadalimar,1248
Jaén,Torreblascopedro,2742
Jaén,Torredelcampo,14605
Jaén,Torredonjimeno,14011
Jaén,Torreperogil,7548
Jaén,Torres,1516
Jaén,Úbeda,34930
Jaén,Valdepeñas de Jaén,3926
Jaén,Vilches,4689
Jaén,Villacarrillo,11040
Jaén,Villanueva de la Reina,3245
Jaén,Villanueva del Arzobispo,8484
Jaén,Villardompardo,1029
Jaén,Villares (Los),5999
Jaén,Cárcheles,1425
Jaén,Bedmar y Garcíez,2871
Jaén,Villatorres,4412
Jaén,Santiago-Pontones,3338
Jaén,Arroyo del Ojanco,2373
Barcelona,Vallbona d'Anoia,1417
Barcelona,Vallgorguina,2749
Barcelona,Vallirana,14633
Barcelona,Vallromanes,2543
Barcelona,Vic,42498
Barcelona,Viladecavalls,7365
Barcelona,Viladecans,65549
Barcelona,Vilanova del Camí,12452
Barcelona,Vilobí del Penedès,1085
Barcelona,Vilafranca del Penedès,39224
Barcelona,Vilanova i la Geltrú,65684
Barcelona,Vilanova del Vallès,5241
Barcelona,Badia del Vallès,13502
Barcelona,Palma de Cervelló (La),2966
Burgos,Aranda de Duero,32880
Burgos,Arcos,1566
Burgos,Belorado,1969
Burgos,Briviesca,7129
Burgos,Burgos,177100
Burgos,Cardeñadijo,1295
Burgos,Cardeñajimeno,1019
Burgos,Condado de Treviño,1362
Burgos,Espinosa de los Monteros,1788
Burgos,Huerta de Rey,1007
Burgos,Ibeas de Juarros,1400
Burgos,Lerma,2703
Burgos,Medina de Pomar,5983
Burgos,Melgar de Fernamental,1744
Burgos,Miranda de Ebro,36173
Burgos,Oña,1088
Burgos,Pradoluengo,1282
Burgos,Quintanar de la Sierra,1845
Burgos,Roa,2373
Burgos,Salas de los Infantes,2091
Burgos,Sasamón,1073
Burgos,Valle de Mena,3826
Burgos,Valle de Tobalina,1026
Burgos,Villadiego,1593
Burgos,Villagonzalo Pedernales,1774
Burgos,Villalbilla de Burgos,1279
Burgos,Villarcayo de Merindad de Castilla la Vieja,4372
Burgos,Merindad de Río Ubierna,1456
Burgos,Alfoz de Quintanadueñas,2019
Cáceres,Ahigal,1421
Cáceres,Alcántara,1571
Cáceres,Alcuéscar,2759
Cáceres,Aldeanueva de la Vera,2155
Cáceres,Aliseda,1957
Cáceres,Almaraz,1669
Cáceres,Almoharín,1933
Cáceres,Arroyo de la Luz,6042
Cáceres,Brozas,1953
Cáceres,Cabezuela del Valle,2267
Cáceres,Cáceres,95617
Cáceres,Caminomorisco,1268
Cáceres,Cañamero,1709
Cáceres,Cañaveral,1081
Cáceres,Carcaboso,1136
Cáceres,Casar de Cáceres,4664
Cáceres,Casar de Palomero,1245
Cáceres,Casatejada,1428
Cáceres,Castañar de Ibor,1112
Cáceres,Ceclavín,1943
Cáceres,Cilleros,1757
Cáceres,Coria,12930
Cáceres,Garganta la Olla,1010
Cáceres,Garrovillas de Alconétar,2205
Cáceres,Gata,1593
Cáceres,Guadalupe,2013
Cáceres,Guijo de Galisteo,1576
Cáceres,Hervás,4194
Cáceres,Jaraíz de la Vera,6481
Cáceres,Jarandilla de la Vera,2955
Cáceres,Jerte,1282
Cáceres,Logrosán,2068
Cáceres,Losar de la Vera,2833
Cáceres,Madrigal de la Vera,1705
Cáceres,Madrigalejo,1855
Cáceres,Madroñera,2695
Cáceres,Majadas,1343
Cáceres,Malpartida de Cáceres,4337
Cáceres,Malpartida de Plasencia,4714
Cáceres,Miajadas,9944
Cáceres,Monroy,1037
Cáceres,Montánchez,1828
Cáceres,Montehermoso,5844
Cáceres,Moraleja,6963
Cáceres,Navaconcejo,2030
Cáceres,Navalmoral de la Mata,17156
Cáceres,Navas del Madroño,1372
Cáceres,Nuñomoral,1392
Cáceres,Peraleda de la Mata,1403
Cáceres,Pesga (La),1130
Cáceres,Pinofranqueado,1762
Cáceres,Piornal,1555
Cáceres,Plasencia,40755
Cáceres,Riolobos,1310
Cáceres,Serradilla,1637
Cáceres,Sierra de Fuentes,2040
Cáceres,Talayuela,8240
Toledo,Bargas,10008
Toledo,Belvís de la Jara,1663
Toledo,Borox,3605
Toledo,Burguillos de Toledo,3028
Toledo,Burujón,1399
Toledo,Cabañas de la Sagra,1760
Toledo,Calera y Chozas,4691
Toledo,Camarena,3776
Toledo,Camuñas,1824
Toledo,Carpio de Tajo (El),2038
Toledo,Carranque,4545
Toledo,Casar de Escalona (El),1986
Toledo,Casarrubios del Monte,5319
Toledo,Cazalegas,1730
Toledo,Cebolla,3527
Toledo,Cedillo del Condado,3604
Toledo,Cobeja,2196
Toledo,Cobisa,4154
Toledo,Consuegra,10437
Toledo,Corral de Almaguer,5677
Toledo,Cuerva,1400
Toledo,Chozas de Canales,3763
Toledo,Dosbarrios,2255
Toledo,Escalona,3306
Toledo,Escalonilla,1470
Toledo,Esquivias,5389
Toledo,Fuensalida,11068
Toledo,Gálvez,3187
Toledo,Gerindote,2427
Toledo,Guadamur,1864
Toledo,Guardia (La),2329
Toledo,Huerta de Valdecarábanos,1798
Toledo,Illescas,25964
Toledo,Lagartera,1503
Toledo,Lillo,2813
Toledo,Lominchar,2342
Toledo,Madridejos,10876
Toledo,Magán,3202
Toledo,Malpica de Tajo,1861
Toledo,Mazarambroz,1287
Toledo,Mejorada,1294
Toledo,Menasalbas,2814
Toledo,Méntrida,4984
Toledo,Miguel Esteban,5080
Toledo,Mocejón,4874
Toledo,Mora,10077
Toledo,Nambroca,4442
Toledo,Navahermosa,3878
Toledo,Navalcán,2166
Toledo,Navalmorales (Los),2757
Toledo,Navalucillos (Los),2357
Toledo,Noblejas,3534
Toledo,Novés,2727
Toledo,Numancia de la Sagra,4763
Toledo,Ocaña,10795
Toledo,Olías del Rey,7229
Toledo,Ontígola,4232
Toledo,Orgaz,2738
Toledo,Oropesa,2771
Toledo,Pantoja,3409
Toledo,Pepino,2714
Toledo,Polán,3851
Toledo,Portillo de Toledo,2187
Toledo,Puebla de Almoradiel (La),5546
Toledo,Puebla de Montalbán (La),8063
Toledo,Pueblanueva (La),2304
Toledo,Puente del Arzobispo (El),1337
Toledo,Pulgar,1603
Toledo,Quero,1084
Toledo,Quintanar de la Orden,11604
Toledo,Quismondo,1568
Toledo,Real de San Vicente (El),1031
Toledo,Recas,4311
Toledo,San Pablo de los Montes,1910
Toledo,San Román de los Montes,1855
Toledo,Santa Cruz de la Zarza,4426
Toledo,Santa Cruz del Retamar,2901
Toledo,Santa Olalla,3277
Toledo,Segurilla,1318
Toledo,Seseña,21558
Toledo,Sonseca,11289
Toledo,Talavera de la Reina,85150
Toledo,Tembleque,2149
Toledo,Toboso (El),1964
Toledo,Toledo,83226
Toledo,Torre de Esteban Hambrán (La),1770
Toledo,Torrijos,13273
Toledo,Ugena,5282
Toledo,Urda,2830
Toledo,Valmojado,4079
Toledo,Velada,2893
Toledo,Ventas con Peña Aguilera (Las),1206
Toledo,Ventas de Retamosa (Las),3382
Toledo,Villacañas,10070
Toledo,Villa de Don Fadrique (La),3918
Toledo,Villafranca de los Caballeros,5196
Toledo,Villaluenga de la Sagra,3857
Toledo,Villanueva de Alcardete,3503
Toledo,Villarrubia de Santiago,2665
Toledo,Villaseca de la Sagra,1808
